block_timestamp,input_value,btc_qty
2019-08-01 00:00:00+00:00,1654180097553.0,16541.80097553
2019-08-01 00:30:00+00:00,1536837219397.0,15368.37219397
2019-08-01 01:00:00+00:00,1500654740210.0,15006.547402099999
2019-08-01 01:30:00+00:00,2498528227088.0,24985.28227088
2019-08-01 02:00:00+00:00,1673636903282.0,16736.36903282
2019-08-01 02:30:00+00:00,1084321719082.0,10843.21719082
2019-08-01 03:00:00+00:00,600013499565.0,6000.13499565
2019-08-01 03:30:00+00:00,3760703163308.0,37607.03163308
2019-08-01 04:00:00+00:00,3711866109417.0,37118.66109417
2019-08-01 04:30:00+00:00,1169241608097.0,11692.41608097
2019-08-01 05:00:00+00:00,632318867363.0,6323.18867363
2019-08-01 05:30:00+00:00,1954680674613.0,19546.80674613
2019-08-01 06:00:00+00:00,1489457057917.0,14894.57057917
2019-08-01 06:30:00+00:00,322128995762.0,3221.28995762
2019-08-01 07:00:00+00:00,1411110149697.0,14111.10149697
2019-08-01 07:30:00+00:00,2610384453200.0,26103.844532
2019-08-01 08:00:00+00:00,1128744846512.0,11287.44846512
2019-08-01 08:30:00+00:00,2074778458992.0,20747.78458992
2019-08-01 09:00:00+00:00,1648069618752.0,16480.69618752
2019-08-01 09:30:00+00:00,2392767634937.0,23927.67634937
2019-08-01 10:00:00+00:00,6220381298153.0,62203.81298153
2019-08-01 10:30:00+00:00,2353914541247.0,23539.14541247
2019-08-01 11:00:00+00:00,2636113996207.0,26361.13996207
2019-08-01 11:30:00+00:00,3404946014544.0,34049.46014544
2019-08-01 12:00:00+00:00,807447435109.0,8074.47435109
2019-08-01 12:30:00+00:00,2514778036641.0,25147.78036641
2019-08-01 13:00:00+00:00,1125675536923.0,11256.75536923
2019-08-01 13:30:00+00:00,2762495385919.0,27624.95385919
2019-08-01 14:00:00+00:00,1606543020511.0,16065.43020511
2019-08-01 14:30:00+00:00,5868953193703.0,58689.53193703
2019-08-01 15:00:00+00:00,4827218153904.0,48272.18153904
2019-08-01 15:30:00+00:00,3551051733909.0,35510.51733909
2019-08-01 16:00:00+00:00,1778944900776.0,17789.44900776
2019-08-01 16:30:00+00:00,2363803768841.0,23638.03768841
2019-08-01 17:00:00+00:00,1437670551347.0,14376.70551347
2019-08-01 17:30:00+00:00,2691425030879.0,26914.25030879
2019-08-01 18:00:00+00:00,2431409874850.0,24314.0987485
2019-08-01 18:30:00+00:00,1240589346583.0,12405.89346583
2019-08-01 19:00:00+00:00,2673807913580.0,26738.0791358
2019-08-01 19:30:00+00:00,0.0,0.0
2019-08-01 20:00:00+00:00,2958786347231.0,29587.86347231
2019-08-01 20:30:00+00:00,1523931265813.0,15239.31265813
2019-08-01 21:00:00+00:00,1674878306358.0,16748.78306358
2019-08-01 21:30:00+00:00,0.0,0.0
2019-08-01 22:00:00+00:00,2770183569296.0,27701.83569296
2019-08-01 22:30:00+00:00,1401928732636.0,14019.28732636
2019-08-01 23:00:00+00:00,1676437450226.0,16764.37450226
2019-08-01 23:30:00+00:00,1352172656137.0,13521.72656137
2019-08-02 00:00:00+00:00,719524611296.0,7195.24611296
2019-08-02 00:30:00+00:00,1358164245754.0,13581.64245754
2019-08-02 01:00:00+00:00,696494338130.0,6964.9433813000005
2019-08-02 01:30:00+00:00,833749531937.0,8337.49531937
2019-08-02 02:00:00+00:00,1985136362912.0,19851.36362912
2019-08-02 02:30:00+00:00,1183115238526.0,11831.15238526
2019-08-02 03:00:00+00:00,1149400198870.0,11494.001988700002
2019-08-02 03:30:00+00:00,2809928888778.0,28099.28888778
2019-08-02 04:00:00+00:00,2848042644994.0,28480.42644994
2019-08-02 04:30:00+00:00,788297151743.0,7882.97151743
2019-08-02 05:00:00+00:00,2162423484245.0,21624.23484245
2019-08-02 05:30:00+00:00,1301362344770.0,13013.623447700002
2019-08-02 06:00:00+00:00,1515600825194.0,15156.00825194
2019-08-02 06:30:00+00:00,1098406306278.0,10984.06306278
2019-08-02 07:00:00+00:00,2273551479811.0,22735.51479811
2019-08-02 07:30:00+00:00,1560162624162.0,15601.62624162
2019-08-02 08:00:00+00:00,2252503322181.0,22525.03322181
2019-08-02 08:30:00+00:00,0.0,0.0
2019-08-02 09:00:00+00:00,3387814765364.0,33878.14765364
2019-08-02 09:30:00+00:00,3140464593806.0,31404.64593806
2019-08-02 10:00:00+00:00,604491670866.0,6044.91670866
2019-08-02 10:30:00+00:00,2979806380563.0,29798.06380563
2019-08-02 11:00:00+00:00,1917173748663.0,19171.73748663
2019-08-02 11:30:00+00:00,1515105094298.0,15151.05094298
2019-08-02 12:00:00+00:00,1090894667201.0,10908.94667201
2019-08-02 12:30:00+00:00,1438288500975.0,14382.88500975
2019-08-02 13:00:00+00:00,3187015646493.0,31870.15646493
2019-08-02 13:30:00+00:00,2478496136636.0,24784.96136636
2019-08-02 14:00:00+00:00,2760284115435.0,27602.84115435
2019-08-02 14:30:00+00:00,1878433634111.0,18784.33634111
2019-08-02 15:00:00+00:00,1543423763827.0,15434.23763827
2019-08-02 15:30:00+00:00,1464142835880.0,14641.4283588
2019-08-02 16:00:00+00:00,2129876615937.0,21298.76615937
2019-08-02 16:30:00+00:00,1713894372474.0,17138.94372474
2019-08-02 17:00:00+00:00,822901067613.0,8229.01067613
2019-08-02 17:30:00+00:00,2282641235381.0,22826.41235381
2019-08-02 18:00:00+00:00,1869255946652.0,18692.55946652
2019-08-02 18:30:00+00:00,910802871472.0,9108.02871472
2019-08-02 19:00:00+00:00,1598006734664.0,15980.06734664
2019-08-02 19:30:00+00:00,634872754589.0,6348.72754589
2019-08-02 20:00:00+00:00,1288005823327.0,12880.05823327
2019-08-02 20:30:00+00:00,1172295026860.0,11722.9502686
2019-08-02 21:00:00+00:00,1257682995010.0,12576.8299501
2019-08-02 21:30:00+00:00,2390583788481.0,23905.83788481
2019-08-02 22:00:00+00:00,775865308131.0,7758.65308131
2019-08-02 22:30:00+00:00,1253516960477.0,12535.16960477
2019-08-02 23:00:00+00:00,1077449194139.0,10774.49194139
2019-08-02 23:30:00+00:00,1031660938280.0,10316.6093828
2019-08-03 00:00:00+00:00,310424373301.0,3104.24373301
2019-08-03 00:30:00+00:00,1766485894967.0,17664.85894967
2019-08-03 01:00:00+00:00,1176857204337.0,11768.57204337
2019-08-03 01:30:00+00:00,1004153000799.0,10041.53000799
2019-08-03 02:00:00+00:00,0.0,0.0
2019-08-03 02:30:00+00:00,5704507133510.0,57045.071335099994
2019-08-03 03:00:00+00:00,1049310270153.0,10493.10270153
2019-08-03 03:30:00+00:00,1148948106054.0,11489.48106054
2019-08-03 04:00:00+00:00,959249054150.0,9592.490541500001
2019-08-03 04:30:00+00:00,898821668215.0,8988.21668215
2019-08-03 05:00:00+00:00,1677086487404.0,16770.86487404
2019-08-03 05:30:00+00:00,1236722480950.0,12367.2248095
2019-08-03 06:00:00+00:00,908591777850.0,9085.9177785
2019-08-03 06:30:00+00:00,1836435073751.0,18364.35073751
2019-08-03 07:00:00+00:00,858546889867.0,8585.46889867
2019-08-03 07:30:00+00:00,0.0,0.0
2019-08-03 08:00:00+00:00,2934799422289.0,29347.99422289
2019-08-03 08:30:00+00:00,1400710248808.0,14007.10248808
2019-08-03 09:00:00+00:00,1799880857077.0,17998.80857077
2019-08-03 09:30:00+00:00,1087021611433.0,10870.21611433
2019-08-03 10:00:00+00:00,881813370724.0,8818.13370724
2019-08-03 10:30:00+00:00,860963167286.0,8609.63167286
2019-08-03 11:00:00+00:00,1008258959973.0,10082.58959973
2019-08-03 11:30:00+00:00,688150191723.0,6881.50191723
2019-08-03 12:00:00+00:00,1378607926367.0,13786.07926367
2019-08-03 12:30:00+00:00,897060881707.0,8970.60881707
2019-08-03 13:00:00+00:00,1280955397596.0,12809.55397596
2019-08-03 13:30:00+00:00,759055936665.0,7590.55936665
2019-08-03 14:00:00+00:00,1665713684586.0,16657.13684586
2019-08-03 14:30:00+00:00,1139957894513.0,11399.57894513
2019-08-03 15:00:00+00:00,1068202333134.0,10682.02333134
2019-08-03 15:30:00+00:00,747741037069.0,7477.41037069
2019-08-03 16:00:00+00:00,1513748445928.0,15137.48445928
2019-08-03 16:30:00+00:00,1290488589559.0,12904.88589559
2019-08-03 17:00:00+00:00,889956158601.0,8899.56158601
2019-08-03 17:30:00+00:00,1886954684022.0,18869.54684022
2019-08-03 18:00:00+00:00,923678474542.0,9236.78474542
2019-08-03 18:30:00+00:00,880828602780.0,8808.286027799999
2019-08-03 19:00:00+00:00,652602881565.0,6526.02881565
2019-08-03 19:30:00+00:00,1027656567277.0,10276.56567277
2019-08-03 20:00:00+00:00,372514961867.0,3725.14961867
2019-08-03 20:30:00+00:00,1149246454054.0,11492.46454054
2019-08-03 21:00:00+00:00,557714489077.0,5577.14489077
2019-08-03 21:30:00+00:00,676224227343.0,6762.24227343
2019-08-03 22:00:00+00:00,539646394639.0,5396.46394639
2019-08-03 22:30:00+00:00,923449313298.0,9234.49313298
2019-08-03 23:00:00+00:00,924211855394.0,9242.11855394
2019-08-03 23:30:00+00:00,1008913615371.0,10089.13615371
2019-08-04 00:00:00+00:00,539345857130.0,5393.4585713
2019-08-04 00:30:00+00:00,1187387214596.0,11873.87214596
2019-08-04 01:00:00+00:00,1106403509257.0,11064.03509257
2019-08-04 01:30:00+00:00,1990126119698.0,19901.26119698
2019-08-04 02:00:00+00:00,705711644585.0,7057.11644585
2019-08-04 02:30:00+00:00,1637773118485.0,16377.73118485
2019-08-04 03:00:00+00:00,989076226825.0,9890.76226825
2019-08-04 03:30:00+00:00,2453261262328.0,24532.61262328
2019-08-04 04:00:00+00:00,1245253004612.0,12452.53004612
2019-08-04 04:30:00+00:00,766120833329.0,7661.20833329
2019-08-04 05:00:00+00:00,1014327735986.0,10143.27735986
2019-08-04 05:30:00+00:00,579566733497.0,5795.66733497
2019-08-04 06:00:00+00:00,823968919863.0,8239.68919863
2019-08-04 06:30:00+00:00,1610069339748.0,16100.69339748
2019-08-04 07:00:00+00:00,875427554930.0,8754.275549299999
2019-08-04 07:30:00+00:00,1346036584677.0,13460.36584677
2019-08-04 08:00:00+00:00,532309351041.0,5323.09351041
2019-08-04 08:30:00+00:00,1462966105319.0,14629.66105319
2019-08-04 09:00:00+00:00,1421673730493.0,14216.73730493
2019-08-04 09:30:00+00:00,1479977340998.0,14799.77340998
2019-08-04 10:00:00+00:00,796525155469.0,7965.25155469
2019-08-04 10:30:00+00:00,425194241821.0,4251.94241821
2019-08-04 11:00:00+00:00,2285743399098.0,22857.43399098
2019-08-04 11:30:00+00:00,1374326959430.0,13743.269594299998
2019-08-04 12:00:00+00:00,737924370339.0,7379.24370339
2019-08-04 12:30:00+00:00,1350380889251.0,13503.80889251
2019-08-04 13:00:00+00:00,1491178956351.0,14911.78956351
2019-08-04 13:30:00+00:00,1597918481384.0,15979.18481384
2019-08-04 14:00:00+00:00,166578226661.0,1665.78226661
2019-08-04 14:30:00+00:00,1172691851857.0,11726.91851857
2019-08-04 15:00:00+00:00,2210365378666.0,22103.65378666
2019-08-04 15:30:00+00:00,2264055528124.0,22640.55528124
2019-08-04 16:00:00+00:00,1917858953564.0,19178.58953564
2019-08-04 16:30:00+00:00,1352455846372.0,13524.55846372
2019-08-04 17:00:00+00:00,1004274814885.0,10042.74814885
2019-08-04 17:30:00+00:00,1460514265050.0,14605.1426505
2019-08-04 18:00:00+00:00,813897337334.0,8138.97337334
2019-08-04 18:30:00+00:00,1581158759146.0,15811.58759146
2019-08-04 19:00:00+00:00,1436360749245.0,14363.60749245
2019-08-04 19:30:00+00:00,526147424369.0,5261.47424369
2019-08-04 20:00:00+00:00,650304915909.0,6503.04915909
2019-08-04 20:30:00+00:00,1149844161880.0,11498.4416188
2019-08-04 21:00:00+00:00,975352595622.0,9753.52595622
2019-08-04 21:30:00+00:00,1043863425896.0,10438.63425896
2019-08-04 22:00:00+00:00,693820681564.0,6938.20681564
2019-08-04 22:30:00+00:00,996079212617.0,9960.79212617
2019-08-04 23:00:00+00:00,1035903016985.0,10359.03016985
2019-08-04 23:30:00+00:00,677628930426.0,6776.28930426
2019-08-05 00:00:00+00:00,983398669134.0,9833.98669134
2019-08-05 00:30:00+00:00,2090700535687.0,20907.00535687
2019-08-05 01:00:00+00:00,0.0,0.0
2019-08-05 01:30:00+00:00,791794231568.0,7917.94231568
2019-08-05 02:00:00+00:00,3007678820973.0,30076.78820973
2019-08-05 02:30:00+00:00,4488883446987.0,44888.83446987
2019-08-05 03:00:00+00:00,2476192121501.0,24761.92121501
2019-08-05 03:30:00+00:00,2108437671574.0,21084.37671574
2019-08-05 04:00:00+00:00,3634027055637.0,36340.27055637
2019-08-05 04:30:00+00:00,1261271085130.0,12612.7108513
2019-08-05 05:00:00+00:00,1332444530890.0,13324.4453089
2019-08-05 05:30:00+00:00,3573024039448.0,35730.24039448
2019-08-05 06:00:00+00:00,836079835561.0,8360.79835561
2019-08-05 06:30:00+00:00,6629340377296.0,66293.40377296
2019-08-05 07:00:00+00:00,3095690806787.0,30956.90806787
2019-08-05 07:30:00+00:00,2181249350875.0,21812.49350875
2019-08-05 08:00:00+00:00,731259493138.0,7312.59493138
2019-08-05 08:30:00+00:00,2549679667051.0,25496.79667051
2019-08-05 09:00:00+00:00,8493353461710.0,84933.5346171
2019-08-05 09:30:00+00:00,8831392080458.0,88313.92080458
2019-08-05 10:00:00+00:00,5435336115281.0,54353.36115281
2019-08-05 10:30:00+00:00,4157397569564.0,41573.97569564
2019-08-05 11:00:00+00:00,8894267120692.0,88942.67120692
2019-08-05 11:30:00+00:00,4492533002764.0,44925.33002764
2019-08-05 12:00:00+00:00,4864351930094.0,48643.51930094
2019-08-05 12:30:00+00:00,7830856884496.0,78308.56884496
2019-08-05 13:00:00+00:00,3957538920996.0,39575.38920996
2019-08-05 13:30:00+00:00,12985622174136.0,129856.22174136
2019-08-05 14:00:00+00:00,5130107224424.0,51301.07224424
2019-08-05 14:30:00+00:00,8719616699615.0,87196.16699615
2019-08-05 15:00:00+00:00,1745643757467.0,17456.43757467
2019-08-05 15:30:00+00:00,4045653693592.0,40456.53693592
2019-08-05 16:00:00+00:00,4438625073945.0,44386.25073945
2019-08-05 16:30:00+00:00,6125648606227.0,61256.48606227
2019-08-05 17:00:00+00:00,5026411408191.0,50264.11408191
2019-08-05 17:30:00+00:00,8304517532605.0,83045.17532605
2019-08-05 18:00:00+00:00,2066358235540.0,20663.5823554
2019-08-05 18:30:00+00:00,6250141071547.0,62501.41071547
2019-08-05 19:00:00+00:00,6466283665820.0,64662.8366582
2019-08-05 19:30:00+00:00,3551817969110.0,35518.1796911
2019-08-05 20:00:00+00:00,3560421551849.0,35604.21551849
2019-08-05 20:30:00+00:00,4641516103251.0,46415.16103251
2019-08-05 21:00:00+00:00,3482648723711.0,34826.48723711
2019-08-05 21:30:00+00:00,2338139038744.0,23381.39038744
2019-08-05 22:00:00+00:00,5675844370462.0,56758.44370462
2019-08-05 22:30:00+00:00,2859442264720.0,28594.4226472
2019-08-05 23:00:00+00:00,0.0,0.0
2019-08-05 23:30:00+00:00,7544985077442.0,75449.85077442
2019-08-06 00:00:00+00:00,4245033741513.0,42450.33741513
2019-08-06 00:30:00+00:00,2909318942807.0,29093.18942807
2019-08-06 01:00:00+00:00,6118083400841.0,61180.83400841
2019-08-06 01:30:00+00:00,4754637123242.0,47546.37123242
2019-08-06 02:00:00+00:00,1408787918206.0,14087.87918206
2019-08-06 02:30:00+00:00,7602103658620.0,76021.0365862
2019-08-06 03:00:00+00:00,3560027713828.0,35600.27713828
2019-08-06 03:30:00+00:00,1637274547159.0,16372.74547159
2019-08-06 04:00:00+00:00,4036899113598.0,40368.99113598
2019-08-06 04:30:00+00:00,7496911311422.0,74969.11311422
2019-08-06 05:00:00+00:00,3984812095844.0,39848.12095844
2019-08-06 05:30:00+00:00,6484278756073.0,64842.78756073
2019-08-06 06:00:00+00:00,3711518732604.0,37115.18732604
2019-08-06 06:30:00+00:00,7436465138093.0,74364.65138093
2019-08-06 07:00:00+00:00,5193946305229.0,51939.46305229
2019-08-06 07:30:00+00:00,1623654565580.0,16236.5456558
2019-08-06 08:00:00+00:00,1544673652872.0,15446.73652872
2019-08-06 08:30:00+00:00,4555503978957.0,45555.03978957
2019-08-06 09:00:00+00:00,5187073980782.0,51870.73980782
2019-08-06 09:30:00+00:00,4496736847242.0,44967.36847242
2019-08-06 10:00:00+00:00,7247325343014.0,72473.25343014
2019-08-06 10:30:00+00:00,1091897936032.0,10918.97936032
2019-08-06 11:00:00+00:00,4102754829763.0,41027.54829763
2019-08-06 11:30:00+00:00,2772202181119.0,27722.02181119
2019-08-06 12:00:00+00:00,4488832469926.0,44888.32469926
2019-08-06 12:30:00+00:00,5268032400355.0,52680.32400355
2019-08-06 13:00:00+00:00,3835993366006.0,38359.93366006
2019-08-06 13:30:00+00:00,2562731940615.0,25627.31940615
2019-08-06 14:00:00+00:00,4291035370663.0,42910.35370663
2019-08-06 14:30:00+00:00,7932824732595.0,79328.24732595
2019-08-06 15:00:00+00:00,2370448890903.0,23704.48890903
2019-08-06 15:30:00+00:00,3596887740852.0,35968.87740852
2019-08-06 16:00:00+00:00,2639052206549.0,26390.52206549
2019-08-06 16:30:00+00:00,4972327932110.0,49723.279321099995
2019-08-06 17:00:00+00:00,3983417937561.0,39834.17937561
2019-08-06 17:30:00+00:00,0.0,0.0
2019-08-06 18:00:00+00:00,1337362065157.0,13373.62065157
2019-08-06 18:30:00+00:00,3179272681222.0,31792.72681222
2019-08-06 19:00:00+00:00,1984828719017.0,19848.28719017
2019-08-06 19:30:00+00:00,2056491863142.0,20564.91863142
2019-08-06 20:00:00+00:00,1732702139344.0,17327.02139344
2019-08-06 20:30:00+00:00,1307804490543.0,13078.04490543
2019-08-06 21:00:00+00:00,999368200247.0,9993.68200247
2019-08-06 21:30:00+00:00,1806427823755.0,18064.27823755
2019-08-06 22:00:00+00:00,1131113826798.0,11311.13826798
2019-08-06 22:30:00+00:00,1343357925804.0,13433.57925804
2019-08-06 23:00:00+00:00,1488852594989.0,14888.52594989
2019-08-06 23:30:00+00:00,890345839858.0,8903.45839858
2019-08-07 00:00:00+00:00,1581356778744.0,15813.56778744
2019-08-07 00:30:00+00:00,1195979181254.0,11959.79181254
2019-08-07 01:00:00+00:00,975854560443.0,9758.54560443
2019-08-07 01:30:00+00:00,1021400996579.0,10214.00996579
2019-08-07 02:00:00+00:00,4275318685189.0,42753.18685189
2019-08-07 02:30:00+00:00,1295525589066.0,12955.25589066
2019-08-07 03:00:00+00:00,4416157290619.0,44161.57290619
2019-08-07 03:30:00+00:00,2031558618632.0,20315.58618632
2019-08-07 04:00:00+00:00,2184924247328.0,21849.24247328
2019-08-07 04:30:00+00:00,1503528634780.0,15035.286347799998
2019-08-07 05:00:00+00:00,1763364155922.0,17633.64155922
2019-08-07 05:30:00+00:00,1222024548627.0,12220.24548627
2019-08-07 06:00:00+00:00,1789415439918.0,17894.15439918
2019-08-07 06:30:00+00:00,2757461954987.0,27574.61954987
2019-08-07 07:00:00+00:00,1958636697090.0,19586.366970900002
2019-08-07 07:30:00+00:00,1766080223104.0,17660.80223104
2019-08-07 08:00:00+00:00,697437248936.0,6974.37248936
2019-08-07 08:30:00+00:00,1486386636464.0,14863.86636464
2019-08-07 09:00:00+00:00,2147154440229.0,21471.54440229
2019-08-07 09:30:00+00:00,1567686566561.0,15676.86566561
2019-08-07 10:00:00+00:00,1879672915127.0,18796.72915127
2019-08-07 10:30:00+00:00,2160085509182.0,21600.85509182
2019-08-07 11:00:00+00:00,807782644673.0,8077.82644673
2019-08-07 11:30:00+00:00,783375419542.0,7833.75419542
2019-08-07 12:00:00+00:00,863806448000.0,8638.06448
2019-08-07 12:30:00+00:00,4544492387175.0,45444.92387175
2019-08-07 13:00:00+00:00,1166482052089.0,11664.82052089
2019-08-07 13:30:00+00:00,2908409313317.0,29084.09313317
2019-08-07 14:00:00+00:00,1151043306265.0,11510.43306265
2019-08-07 14:30:00+00:00,2236230805502.0,22362.30805502
2019-08-07 15:00:00+00:00,1838495928160.0,18384.959281599997
2019-08-07 15:30:00+00:00,1902617971289.0,19026.17971289
2019-08-07 16:00:00+00:00,2664745495025.0,26647.45495025
2019-08-07 16:30:00+00:00,1798953833181.0,17989.53833181
2019-08-07 17:00:00+00:00,4715656517883.0,47156.56517883
2019-08-07 17:30:00+00:00,1556369913611.0,15563.69913611
2019-08-07 18:00:00+00:00,2389193628821.0,23891.93628821
2019-08-07 18:30:00+00:00,1371376733769.0,13713.76733769
2019-08-07 19:00:00+00:00,1638734110293.0,16387.34110293
2019-08-07 19:30:00+00:00,817114652877.0,8171.14652877
2019-08-07 20:00:00+00:00,1310959464652.0,13109.59464652
2019-08-07 20:30:00+00:00,663643662667.0,6636.43662667
2019-08-07 21:00:00+00:00,1798690770515.0,17986.90770515
2019-08-07 21:30:00+00:00,853141168642.0,8531.41168642
2019-08-07 22:00:00+00:00,716582459496.0,7165.82459496
2019-08-07 22:30:00+00:00,1156704354612.0,11567.04354612
2019-08-07 23:00:00+00:00,1626404475537.0,16264.04475537
2019-08-07 23:30:00+00:00,715570212640.0,7155.7021263999995
2019-08-08 00:00:00+00:00,1100457526406.0,11004.57526406
2019-08-08 00:30:00+00:00,1216953077693.0,12169.53077693
2019-08-08 01:00:00+00:00,612493500706.0,6124.93500706
2019-08-08 01:30:00+00:00,1868295852288.0,18682.95852288
2019-08-08 02:00:00+00:00,921785989031.0,9217.85989031
2019-08-08 02:30:00+00:00,1255163123813.0,12551.63123813
2019-08-08 03:00:00+00:00,1856324506020.0,18563.2450602
2019-08-08 03:30:00+00:00,2423702906023.0,24237.02906023
2019-08-08 04:00:00+00:00,1044834396666.0,10448.34396666
2019-08-08 04:30:00+00:00,1762967972197.0,17629.67972197
2019-08-08 05:00:00+00:00,1687941213802.0,16879.41213802
2019-08-08 05:30:00+00:00,1970122619858.0,19701.22619858
2019-08-08 06:00:00+00:00,1596070197791.0,15960.70197791
2019-08-08 06:30:00+00:00,1579751790309.0,15797.51790309
2019-08-08 07:00:00+00:00,1850038709728.0,18500.38709728
2019-08-08 07:30:00+00:00,837476267895.0,8374.76267895
2019-08-08 08:00:00+00:00,997329966243.0,9973.29966243
2019-08-08 08:30:00+00:00,2157279150394.0,21572.79150394
2019-08-08 09:00:00+00:00,1639806015837.0,16398.06015837
2019-08-08 09:30:00+00:00,1156822163678.0,11568.22163678
2019-08-08 10:00:00+00:00,1593103171604.0,15931.03171604
2019-08-08 10:30:00+00:00,2042963235889.0,20429.63235889
2019-08-08 11:00:00+00:00,1189930498356.0,11899.30498356
2019-08-08 11:30:00+00:00,1518416349611.0,15184.16349611
2019-08-08 12:00:00+00:00,2678848859307.0,26788.48859307
2019-08-08 12:30:00+00:00,0.0,0.0
2019-08-08 13:00:00+00:00,5771387155168.0,57713.87155168
2019-08-08 13:30:00+00:00,7711948600758.0,77119.48600758
2019-08-08 14:00:00+00:00,8568999939057.0,85689.99939057
2019-08-08 14:30:00+00:00,11648895523868.0,116488.95523868
2019-08-08 15:00:00+00:00,5075348904300.0,50753.489043
2019-08-08 15:30:00+00:00,4255406109954.0,42554.06109954
2019-08-08 16:00:00+00:00,6365570246353.0,63655.70246353
2019-08-08 16:30:00+00:00,3931285672223.0,39312.85672223
2019-08-08 17:00:00+00:00,14567109370636.0,145671.09370636
2019-08-08 17:30:00+00:00,7027715836071.0,70277.15836071
2019-08-08 18:00:00+00:00,7197467132132.0,71974.67132132
2019-08-08 18:30:00+00:00,3701604443158.0,37016.04443158
2019-08-08 19:00:00+00:00,1613383683529.0,16133.83683529
2019-08-08 19:30:00+00:00,2035336664609.0,20353.36664609
2019-08-08 20:00:00+00:00,1463175943812.0,14631.75943812
2019-08-08 20:30:00+00:00,0.0,0.0
2019-08-08 21:00:00+00:00,6058022252490.0,60580.222524900004
2019-08-08 21:30:00+00:00,1813546177004.0,18135.46177004
2019-08-08 22:00:00+00:00,1942775975558.0,19427.75975558
2019-08-08 22:30:00+00:00,0.0,0.0
2019-08-08 23:00:00+00:00,1747579314061.0,17475.79314061
2019-08-08 23:30:00+00:00,3169479729058.0,31694.79729058
2019-08-09 00:00:00+00:00,1515727728806.0,15157.27728806
2019-08-09 00:30:00+00:00,808604795433.0,8086.04795433
2019-08-09 01:00:00+00:00,2643747603585.0,26437.47603585
2019-08-09 01:30:00+00:00,1942480356906.0,19424.80356906
2019-08-09 02:00:00+00:00,1925041958731.0,19250.41958731
2019-08-09 02:30:00+00:00,1258460689344.0,12584.60689344
2019-08-09 03:00:00+00:00,1114180240269.0,11141.80240269
2019-08-09 03:30:00+00:00,3317933848067.0,33179.33848067
2019-08-09 04:00:00+00:00,1879644808059.0,18796.44808059
2019-08-09 04:30:00+00:00,1713144934005.0,17131.44934005
2019-08-09 05:00:00+00:00,885557575779.0,8855.57575779
2019-08-09 05:30:00+00:00,2243423189701.0,22434.23189701
2019-08-09 06:00:00+00:00,1824962173755.0,18249.62173755
2019-08-09 06:30:00+00:00,2332542297437.0,23325.42297437
2019-08-09 07:00:00+00:00,1694601102273.0,16946.01102273
2019-08-09 07:30:00+00:00,2087348181791.0,20873.48181791
2019-08-09 08:00:00+00:00,429817550713.0,4298.17550713
2019-08-09 08:30:00+00:00,4749191482206.0,47491.91482206
2019-08-09 09:00:00+00:00,1556840113962.0,15568.40113962
2019-08-09 09:30:00+00:00,2888258326018.0,28882.58326018
2019-08-09 10:00:00+00:00,1282802604429.0,12828.02604429
2019-08-09 10:30:00+00:00,1105525367183.0,11055.25367183
2019-08-09 11:00:00+00:00,1719476622172.0,17194.76622172
2019-08-09 11:30:00+00:00,2558813458377.0,25588.13458377
2019-08-09 12:00:00+00:00,2486762072665.0,24867.62072665
2019-08-09 12:30:00+00:00,2184291751501.0,21842.91751501
2019-08-09 13:00:00+00:00,674021312474.0,6740.21312474
2019-08-09 13:30:00+00:00,526445130491.0,5264.45130491
2019-08-09 14:00:00+00:00,5396471201002.0,53964.71201002
2019-08-09 14:30:00+00:00,1360255755619.0,13602.55755619
2019-08-09 15:00:00+00:00,0.0,0.0
2019-08-09 15:30:00+00:00,4106719065280.0,41067.1906528
2019-08-09 16:00:00+00:00,1406418546057.0,14064.18546057
2019-08-09 16:30:00+00:00,2536685103833.0,25366.85103833
2019-08-09 17:00:00+00:00,2218132536938.0,22181.32536938
2019-08-09 17:30:00+00:00,2868918383341.0,28689.18383341
2019-08-09 18:00:00+00:00,0.0,0.0
2019-08-09 18:30:00+00:00,5448952475101.0,54489.52475101
2019-08-09 19:00:00+00:00,7628930134633.0,76289.30134633
2019-08-09 19:30:00+00:00,6405807965409.0,64058.07965409
2019-08-09 20:00:00+00:00,6250409274344.0,62504.09274344
2019-08-09 20:30:00+00:00,2567911239708.0,25679.11239708
2019-08-09 21:00:00+00:00,5900980489790.0,59009.804897899994
2019-08-09 21:30:00+00:00,3769079216751.0,37690.79216751
2019-08-09 22:00:00+00:00,6167390915839.0,61673.90915839
2019-08-09 22:30:00+00:00,4960994039007.0,49609.94039007
2019-08-09 23:00:00+00:00,7860987589113.0,78609.87589113
2019-08-09 23:30:00+00:00,6464191576355.0,64641.91576355
2019-08-10 00:00:00+00:00,3243077680103.0,32430.77680103
2019-08-10 00:30:00+00:00,3861279967238.0,38612.79967238
2019-08-10 01:00:00+00:00,6263152057128.0,62631.52057128
2019-08-10 01:30:00+00:00,1959757988963.0,19597.57988963
2019-08-10 02:00:00+00:00,4494954772247.0,44949.54772247
2019-08-10 02:30:00+00:00,5064552357857.0,50645.52357857
2019-08-10 03:00:00+00:00,3921788454112.0,39217.88454112
2019-08-10 03:30:00+00:00,1994790706137.0,19947.90706137
2019-08-10 04:00:00+00:00,3046765799903.0,30467.65799903
2019-08-10 04:30:00+00:00,2451363571496.0,24513.63571496
2019-08-10 05:00:00+00:00,3765967754292.0,37659.67754292
2019-08-10 05:30:00+00:00,4019862976165.0,40198.62976165
2019-08-10 06:00:00+00:00,1715418732163.0,17154.18732163
2019-08-10 06:30:00+00:00,3503690375318.0,35036.90375318
2019-08-10 07:00:00+00:00,3125119691066.0,31251.19691066
2019-08-10 07:30:00+00:00,3899741263061.0,38997.41263061
2019-08-10 08:00:00+00:00,5713621808403.0,57136.21808403
2019-08-10 08:30:00+00:00,5015846766112.0,50158.46766112
2019-08-10 09:00:00+00:00,6345061614989.0,63450.61614989
2019-08-10 09:30:00+00:00,3466521396638.0,34665.21396638
2019-08-10 10:00:00+00:00,3824665079012.0,38246.65079012
2019-08-10 10:30:00+00:00,1560600816488.0,15606.00816488
2019-08-10 11:00:00+00:00,3928968503276.0,39289.68503276
2019-08-10 11:30:00+00:00,4606196096476.0,46061.96096476
2019-08-10 12:00:00+00:00,3666720902847.0,36667.20902847
2019-08-10 12:30:00+00:00,3208163793672.0,32081.63793672
2019-08-10 13:00:00+00:00,6375439394723.0,63754.39394723
2019-08-10 13:30:00+00:00,3700230550773.0,37002.30550773
2019-08-10 14:00:00+00:00,5737789007860.0,57377.8900786
2019-08-10 14:30:00+00:00,1896236295409.0,18962.36295409
2019-08-10 15:00:00+00:00,5394567069413.0,53945.67069413
2019-08-10 15:30:00+00:00,3970149516117.0,39701.49516117
2019-08-10 16:00:00+00:00,5539880496013.0,55398.80496013
2019-08-10 16:30:00+00:00,4831840514299.0,48318.40514299
2019-08-10 17:00:00+00:00,3999159457835.0,39991.59457835
2019-08-10 17:30:00+00:00,3827518482992.0,38275.18482992
2019-08-10 18:00:00+00:00,2412335563213.0,24123.35563213
2019-08-10 18:30:00+00:00,3504366483413.0,35043.66483413
2019-08-10 19:00:00+00:00,5452668658937.0,54526.68658937
2019-08-10 19:30:00+00:00,2464699187190.0,24646.9918719
2019-08-10 20:00:00+00:00,3503465188583.0,35034.65188583
2019-08-10 20:30:00+00:00,3239524084543.0,32395.24084543
2019-08-10 21:00:00+00:00,2047715287787.0,20477.15287787
2019-08-10 21:30:00+00:00,4099318634721.0,40993.18634721
2019-08-10 22:00:00+00:00,1965936599912.0,19659.36599912
2019-08-10 22:30:00+00:00,321837167864.0,3218.37167864
2019-08-10 23:00:00+00:00,1740988667681.0,17409.88667681
2019-08-10 23:30:00+00:00,752801058314.0,7528.01058314
2019-08-11 00:00:00+00:00,1331354573864.0,13313.54573864
2019-08-11 00:30:00+00:00,1370971868715.0,13709.71868715
2019-08-11 01:00:00+00:00,1337815753633.0,13378.15753633
2019-08-11 01:30:00+00:00,1551271383544.0,15512.71383544
2019-08-11 02:00:00+00:00,1207480831121.0,12074.80831121
2019-08-11 02:30:00+00:00,922874130868.0,9228.74130868
2019-08-11 03:00:00+00:00,1525446858341.0,15254.46858341
2019-08-11 03:30:00+00:00,1855861734801.0,18558.61734801
2019-08-11 04:00:00+00:00,980129510720.0,9801.295107200001
2019-08-11 04:30:00+00:00,665643383399.0,6656.43383399
2019-08-11 05:00:00+00:00,1303074590096.0,13030.74590096
2019-08-11 05:30:00+00:00,911130105678.0,9111.30105678
2019-08-11 06:00:00+00:00,0.0,0.0
2019-08-11 06:30:00+00:00,2116139067924.0,21161.39067924
2019-08-11 07:00:00+00:00,1318388776296.0,13183.88776296
2019-08-11 07:30:00+00:00,669328851873.0,6693.28851873
2019-08-11 08:00:00+00:00,1360013660648.0,13600.13660648
2019-08-11 08:30:00+00:00,1175857364552.0,11758.57364552
2019-08-11 09:00:00+00:00,1057683222097.0,10576.83222097
2019-08-11 09:30:00+00:00,958404791942.0,9584.04791942
2019-08-11 10:00:00+00:00,860759227780.0,8607.5922778
2019-08-11 10:30:00+00:00,584373397680.0,5843.7339768
2019-08-11 11:00:00+00:00,678605932475.0,6786.05932475
2019-08-11 11:30:00+00:00,709992981369.0,7099.92981369
2019-08-11 12:00:00+00:00,1417686988047.0,14176.86988047
2019-08-11 12:30:00+00:00,1344618880064.0,13446.18880064
2019-08-11 13:00:00+00:00,2475868558243.0,24758.68558243
2019-08-11 13:30:00+00:00,1961634842353.0,19616.34842353
2019-08-11 14:00:00+00:00,1541599880314.0,15415.99880314
2019-08-11 14:30:00+00:00,2052852603640.0,20528.526036400002
2019-08-11 15:00:00+00:00,2357884487660.0,23578.844876599996
2019-08-11 15:30:00+00:00,2361338353837.0,23613.38353837
2019-08-11 16:00:00+00:00,1508749685705.0,15087.49685705
2019-08-11 16:30:00+00:00,1129171855928.0,11291.71855928
2019-08-11 17:00:00+00:00,0.0,0.0
2019-08-11 17:30:00+00:00,2570519087041.0,25705.19087041
2019-08-11 18:00:00+00:00,871134464383.0,8711.34464383
2019-08-11 18:30:00+00:00,874494271411.0,8744.94271411
2019-08-11 19:00:00+00:00,846520880795.0,8465.20880795
2019-08-11 19:30:00+00:00,1477206640671.0,14772.06640671
2019-08-11 20:00:00+00:00,1161048112134.0,11610.48112134
2019-08-11 20:30:00+00:00,907128931897.0,9071.28931897
2019-08-11 21:00:00+00:00,851394000980.0,8513.9400098
2019-08-11 21:30:00+00:00,831691056346.0,8316.91056346
2019-08-11 22:00:00+00:00,751993763631.0,7519.93763631
2019-08-11 22:30:00+00:00,940166988361.0,9401.66988361
2019-08-11 23:00:00+00:00,489518441787.0,4895.18441787
2019-08-11 23:30:00+00:00,872906582459.0,8729.06582459
2019-08-12 00:00:00+00:00,998954147284.0,9989.54147284
2019-08-12 00:30:00+00:00,770907908382.0,7709.07908382
2019-08-12 01:00:00+00:00,692473053076.0,6924.73053076
2019-08-12 01:30:00+00:00,1501341299000.0,15013.41299
2019-08-12 02:00:00+00:00,0.0,0.0
2019-08-12 02:30:00+00:00,2343438583097.0,23434.38583097
2019-08-12 03:00:00+00:00,706187954352.0,7061.87954352
2019-08-12 03:30:00+00:00,1747765512170.0,17477.6551217
2019-08-12 04:00:00+00:00,1308188144220.0,13081.881442200001
2019-08-12 04:30:00+00:00,410285232115.0,4102.85232115
2019-08-12 05:00:00+00:00,1458521018722.0,14585.21018722
2019-08-12 05:30:00+00:00,557118035158.0,5571.18035158
2019-08-12 06:00:00+00:00,1444024234223.0,14440.24234223
2019-08-12 06:30:00+00:00,2449214956025.0,24492.14956025
2019-08-12 07:00:00+00:00,4828575043342.0,48285.75043342
2019-08-12 07:30:00+00:00,3008627345273.0,30086.27345273
2019-08-12 08:00:00+00:00,2225632930982.0,22256.32930982
2019-08-12 08:30:00+00:00,0.0,0.0
2019-08-12 09:00:00+00:00,1075215160159.0,10752.15160159
2019-08-12 09:30:00+00:00,3805751215661.0,38057.51215661
2019-08-12 10:00:00+00:00,1226350717352.0,12263.50717352
2019-08-12 10:30:00+00:00,1367863130645.0,13678.63130645
2019-08-12 11:00:00+00:00,8839157791864.0,88391.57791864
2019-08-12 11:30:00+00:00,5071466452812.0,50714.66452812
2019-08-12 12:00:00+00:00,2323023431039.0,23230.23431039
2019-08-12 12:30:00+00:00,3956609257319.0,39566.09257319
2019-08-12 13:00:00+00:00,2733098970199.0,27330.98970199
2019-08-12 13:30:00+00:00,2892316127606.0,28923.16127606
2019-08-12 14:00:00+00:00,899784032610.0,8997.8403261
2019-08-12 14:30:00+00:00,7570017067721.0,75700.17067721
2019-08-12 15:00:00+00:00,1556640584256.0,15566.40584256
2019-08-12 15:30:00+00:00,2304053511232.0,23040.53511232
2019-08-12 16:00:00+00:00,2525496045837.0,25254.96045837
2019-08-12 16:30:00+00:00,2635367518487.0,26353.67518487
2019-08-12 17:00:00+00:00,3123165876320.0,31231.658763200005
2019-08-12 17:30:00+00:00,1849696780609.0,18496.96780609
2019-08-12 18:00:00+00:00,1916856201812.0,19168.56201812
2019-08-12 18:30:00+00:00,1831749268238.0,18317.49268238
2019-08-12 19:00:00+00:00,1903351277385.0,19033.51277385
2019-08-12 19:30:00+00:00,1788526064003.0,17885.26064003
2019-08-12 20:00:00+00:00,453814625464.0,4538.14625464
2019-08-12 20:30:00+00:00,1004537117417.0,10045.37117417
2019-08-12 21:00:00+00:00,3003796812109.0,30037.96812109
2019-08-12 21:30:00+00:00,4632591822498.0,46325.91822498
2019-08-12 22:00:00+00:00,1968611724541.0,19686.11724541
2019-08-12 22:30:00+00:00,4062213857097.0,40622.13857097
2019-08-12 23:00:00+00:00,2057577017369.0,20575.77017369
2019-08-12 23:30:00+00:00,4102585842346.0,41025.85842346
2019-08-13 00:00:00+00:00,3378744368964.0,33787.44368964
2019-08-13 00:30:00+00:00,2496483601277.0,24964.83601277
2019-08-13 01:00:00+00:00,1962402430879.0,19624.02430879
2019-08-13 01:30:00+00:00,2415326023560.0,24153.2602356
2019-08-13 02:00:00+00:00,2107549276839.0,21075.49276839
2019-08-13 02:30:00+00:00,6563150125556.0,65631.50125556
2019-08-13 03:00:00+00:00,4534016045246.0,45340.16045246
2019-08-13 03:30:00+00:00,4341322959904.0,43413.22959904
2019-08-13 04:00:00+00:00,6854383245374.0,68543.83245374
2019-08-13 04:30:00+00:00,4387973606260.0,43879.7360626
2019-08-13 05:00:00+00:00,5243294715477.0,52432.94715477
2019-08-13 05:30:00+00:00,5635626799688.0,56356.26799688
2019-08-13 06:00:00+00:00,5111704130427.0,51117.04130427
2019-08-13 06:30:00+00:00,9747217828107.0,97472.17828107
2019-08-13 07:00:00+00:00,4186833026902.0,41868.33026902
2019-08-13 07:30:00+00:00,1998148050167.0,19981.48050167
2019-08-13 08:00:00+00:00,3596808906456.0,35968.08906456
2019-08-13 08:30:00+00:00,0.0,0.0
2019-08-13 09:00:00+00:00,3389165075907.0,33891.65075907
2019-08-13 09:30:00+00:00,958068344854.0,9580.68344854
2019-08-13 10:00:00+00:00,1677354132025.0,16773.54132025
2019-08-13 10:30:00+00:00,575775672163.0,5757.75672163
2019-08-13 11:00:00+00:00,1841835005503.0,18418.35005503
2019-08-13 11:30:00+00:00,1808566672731.0,18085.66672731
2019-08-13 12:00:00+00:00,1343817498513.0,13438.17498513
2019-08-13 12:30:00+00:00,1368583521411.0,13685.83521411
2019-08-13 13:00:00+00:00,453577239706.0,4535.77239706
2019-08-13 13:30:00+00:00,705589990252.0,7055.89990252
2019-08-13 14:00:00+00:00,4057541572559.0,40575.41572559
2019-08-13 14:30:00+00:00,2748139091693.0,27481.39091693
2019-08-13 15:00:00+00:00,958777953513.0,9587.77953513
2019-08-13 15:30:00+00:00,2762386706804.0,27623.86706804
2019-08-13 16:00:00+00:00,2155778930656.0,21557.78930656
2019-08-13 16:30:00+00:00,2751426099156.0,27514.26099156
2019-08-13 17:00:00+00:00,3213969904928.0,32139.69904928
2019-08-13 17:30:00+00:00,2923924199566.0,29239.24199566
2019-08-13 18:00:00+00:00,3276586957248.0,32765.86957248
2019-08-13 18:30:00+00:00,1222415583135.0,12224.15583135
2019-08-13 19:00:00+00:00,395161608392.0,3951.61608392
2019-08-13 19:30:00+00:00,1687813438504.0,16878.13438504
2019-08-13 20:00:00+00:00,1705497936028.0,17054.97936028
2019-08-13 20:30:00+00:00,1112786859466.0,11127.86859466
2019-08-13 21:00:00+00:00,1761897032379.0,17618.97032379
2019-08-13 21:30:00+00:00,2608894028291.0,26088.94028291
2019-08-13 22:00:00+00:00,1124502232654.0,11245.02232654
2019-08-13 22:30:00+00:00,893937676564.0,8939.37676564
2019-08-13 23:00:00+00:00,1643586384300.0,16435.863843
2019-08-13 23:30:00+00:00,390242742534.0,3902.42742534
2019-08-14 00:00:00+00:00,1599964745870.0,15999.647458700001
2019-08-14 00:30:00+00:00,665028867466.0,6650.28867466
2019-08-14 01:00:00+00:00,2373499483990.0,23734.994839900002
2019-08-14 01:30:00+00:00,1308631850700.0,13086.318507
2019-08-14 02:00:00+00:00,1009620622134.0,10096.20622134
2019-08-14 02:30:00+00:00,1630582884685.0,16305.82884685
2019-08-14 03:00:00+00:00,1684854083401.0,16848.54083401
2019-08-14 03:30:00+00:00,5730106018945.0,57301.06018945
2019-08-14 04:00:00+00:00,1422439743190.0,14224.3974319
2019-08-14 04:30:00+00:00,2144784189086.0,21447.84189086
2019-08-14 05:00:00+00:00,450209141171.0,4502.09141171
2019-08-14 05:30:00+00:00,1882530225187.0,18825.30225187
2019-08-14 06:00:00+00:00,645856753352.0,6458.56753352
2019-08-14 06:30:00+00:00,0.0,0.0
2019-08-14 07:00:00+00:00,2215058095816.0,22150.58095816
2019-08-14 07:30:00+00:00,3496863197390.0,34968.6319739
2019-08-14 08:00:00+00:00,1514593544678.0,15145.93544678
2019-08-14 08:30:00+00:00,1768262309570.0,17682.6230957
2019-08-14 09:00:00+00:00,2316412131002.0,23164.12131002
2019-08-14 09:30:00+00:00,1836969300687.0,18369.69300687
2019-08-14 10:00:00+00:00,1552960558074.0,15529.60558074
2019-08-14 10:30:00+00:00,1412521792650.0,14125.217926499998
2019-08-14 11:00:00+00:00,2586678632158.0,25866.78632158
2019-08-14 11:30:00+00:00,742979785407.0,7429.79785407
2019-08-14 12:00:00+00:00,8239214033111.0,82392.14033111
2019-08-14 12:30:00+00:00,2822127833731.0,28221.27833731
2019-08-14 13:00:00+00:00,2218799723988.0,22187.99723988
2019-08-14 13:30:00+00:00,5974054700235.0,59740.54700235
2019-08-14 14:00:00+00:00,2223868951383.0,22238.68951383
2019-08-14 14:30:00+00:00,7075166823523.0,70751.66823523
2019-08-14 15:00:00+00:00,6161689474352.0,61616.89474352
2019-08-14 15:30:00+00:00,7927086792375.0,79270.86792375
2019-08-14 16:00:00+00:00,7310095982535.0,73100.95982535
2019-08-14 16:30:00+00:00,4344344810984.0,43443.44810984
2019-08-14 17:00:00+00:00,5343173564495.0,53431.73564495
2019-08-14 17:30:00+00:00,6017888731629.0,60178.88731629
2019-08-14 18:00:00+00:00,2677848923100.0,26778.489231
2019-08-14 18:30:00+00:00,3617909787627.0,36179.09787627
2019-08-14 19:00:00+00:00,0.0,0.0
2019-08-14 19:30:00+00:00,8989965054402.0,89899.65054402
2019-08-14 20:00:00+00:00,1047371703635.0,10473.71703635
2019-08-14 20:30:00+00:00,5796548728410.0,57965.487284099996
2019-08-14 21:00:00+00:00,1862092471868.0,18620.92471868
2019-08-14 21:30:00+00:00,2734185958173.0,27341.85958173
2019-08-14 22:00:00+00:00,1663667431199.0,16636.67431199
2019-08-14 22:30:00+00:00,2314208809250.0,23142.088092500002
2019-08-14 23:00:00+00:00,2401058330648.0,24010.58330648
2019-08-14 23:30:00+00:00,2134179820682.0,21341.79820682
2019-08-15 00:00:00+00:00,2198197689211.0,21981.97689211
2019-08-15 00:30:00+00:00,1690099379497.0,16900.99379497
2019-08-15 01:00:00+00:00,1117980507523.0,11179.80507523
2019-08-15 01:30:00+00:00,1980433428759.0,19804.33428759
2019-08-15 02:00:00+00:00,822718387045.0,8227.18387045
2019-08-15 02:30:00+00:00,2716598503025.0,27165.98503025
2019-08-15 03:00:00+00:00,1085880010711.0,10858.80010711
2019-08-15 03:30:00+00:00,3342940743325.0,33429.40743325
2019-08-15 04:00:00+00:00,3143097620576.0,31430.97620576
2019-08-15 04:30:00+00:00,2483684743582.0,24836.84743582
2019-08-15 05:00:00+00:00,1302950530227.0,13029.50530227
2019-08-15 05:30:00+00:00,3024946524541.0,30249.46524541
2019-08-15 06:00:00+00:00,3025181552589.0,30251.81552589
2019-08-15 06:30:00+00:00,5136566053821.0,51365.66053821
2019-08-15 07:00:00+00:00,4244690340530.0,42446.90340530001
2019-08-15 07:30:00+00:00,5435796517965.0,54357.96517965
2019-08-15 08:00:00+00:00,6111318457873.0,61113.18457873
2019-08-15 08:30:00+00:00,9368377817544.0,93683.77817544
2019-08-15 09:00:00+00:00,4387203574846.0,43872.03574846
2019-08-15 09:30:00+00:00,4030143445728.0,40301.43445728
2019-08-15 10:00:00+00:00,5519254088083.0,55192.54088083
2019-08-15 10:30:00+00:00,0.0,0.0
2019-08-15 11:00:00+00:00,7230008051234.0,72300.08051234
2019-08-15 11:30:00+00:00,5875837469328.0,58758.37469328
2019-08-15 12:00:00+00:00,3934746028394.0,39347.46028394
2019-08-15 12:30:00+00:00,0.0,0.0
2019-08-15 13:00:00+00:00,5502635484718.0,55026.35484718
2019-08-15 13:30:00+00:00,5655782150357.0,56557.82150357
2019-08-15 14:00:00+00:00,8554723338052.0,85547.23338052
2019-08-15 14:30:00+00:00,4205278223824.0,42052.78223824
2019-08-15 15:00:00+00:00,664613117494.0,6646.13117494
2019-08-15 15:30:00+00:00,2805400630807.0,28054.00630807
2019-08-15 16:00:00+00:00,3247445305983.0,32474.45305983
2019-08-15 16:30:00+00:00,1180571562880.0,11805.715628799999
2019-08-15 17:00:00+00:00,3159729915569.0,31597.29915569
2019-08-15 17:30:00+00:00,2115037595986.0,21150.37595986
2019-08-15 18:00:00+00:00,2189860975745.0,21898.60975745
2019-08-15 18:30:00+00:00,0.0,0.0
2019-08-15 19:00:00+00:00,3574204866614.0,35742.04866614
2019-08-15 19:30:00+00:00,2413066869441.0,24130.66869441
2019-08-15 20:00:00+00:00,1966267199401.0,19662.67199401
2019-08-15 20:30:00+00:00,1060418419394.0,10604.18419394
2019-08-15 21:00:00+00:00,1098264214543.0,10982.64214543
2019-08-15 21:30:00+00:00,4518933909745.0,45189.33909745
2019-08-15 22:00:00+00:00,1745283523451.0,17452.83523451
2019-08-15 22:30:00+00:00,1698524472645.0,16985.24472645
2019-08-15 23:00:00+00:00,1756704476859.0,17567.04476859
2019-08-15 23:30:00+00:00,1703752870641.0,17037.52870641
2019-08-16 00:00:00+00:00,1511933648910.0,15119.3364891
2019-08-16 00:30:00+00:00,1788945782130.0,17889.4578213
2019-08-16 01:00:00+00:00,1261598839904.0,12615.98839904
2019-08-16 01:30:00+00:00,0.0,0.0
2019-08-16 02:00:00+00:00,3235681798866.0,32356.81798866
2019-08-16 02:30:00+00:00,1146982344389.0,11469.82344389
2019-08-16 03:00:00+00:00,3235624688290.0,32356.2468829
2019-08-16 03:30:00+00:00,497345727335.0,4973.45727335
2019-08-16 04:00:00+00:00,2284944896183.0,22849.44896183
2019-08-16 04:30:00+00:00,722930463889.0,7229.30463889
2019-08-16 05:00:00+00:00,2509217480954.0,25092.17480954
2019-08-16 05:30:00+00:00,2374460458917.0,23744.60458917
2019-08-16 06:00:00+00:00,1365730215923.0,13657.30215923
2019-08-16 06:30:00+00:00,1820686900093.0,18206.86900093
2019-08-16 07:00:00+00:00,1542188053915.0,15421.88053915
2019-08-16 07:30:00+00:00,0.0,0.0
2019-08-16 08:00:00+00:00,2232463520134.0,22324.63520134
2019-08-16 08:30:00+00:00,1470946775052.0,14709.46775052
2019-08-16 09:00:00+00:00,4098558340874.0,40985.58340874
2019-08-16 09:30:00+00:00,1791453272525.0,17914.53272525
2019-08-16 10:00:00+00:00,1388453091097.0,13884.53091097
2019-08-16 10:30:00+00:00,3750911414659.0,37509.11414659
2019-08-16 11:00:00+00:00,2366259170489.0,23662.59170489
2019-08-16 11:30:00+00:00,2247073230177.0,22470.73230177
2019-08-16 12:00:00+00:00,2561803275042.0,25618.03275042
2019-08-16 12:30:00+00:00,2322903595609.0,23229.03595609
2019-08-16 13:00:00+00:00,853596319330.0,8535.9631933
2019-08-16 13:30:00+00:00,2871340336659.0,28713.40336659
2019-08-16 14:00:00+00:00,1208509251712.0,12085.09251712
2019-08-16 14:30:00+00:00,2170455651591.0,21704.55651591
2019-08-16 15:00:00+00:00,2315278722572.0,23152.78722572
2019-08-16 15:30:00+00:00,1825735273037.0,18257.35273037
2019-08-16 16:00:00+00:00,0.0,0.0
2019-08-16 16:30:00+00:00,2364189324801.0,23641.89324801
2019-08-16 17:00:00+00:00,1321129363844.0,13211.29363844
2019-08-16 17:30:00+00:00,2510628287148.0,25106.28287148
2019-08-16 18:00:00+00:00,3106459804196.0,31064.59804196
2019-08-16 18:30:00+00:00,2339675876546.0,23396.75876546
2019-08-16 19:00:00+00:00,641696334624.0,6416.96334624
2019-08-16 19:30:00+00:00,3640567584040.0,36405.67584040001
2019-08-16 20:00:00+00:00,3149971726449.0,31499.71726449
2019-08-16 20:30:00+00:00,2686310647037.0,26863.10647037
2019-08-16 21:00:00+00:00,2418214480981.0,24182.14480981
2019-08-16 21:30:00+00:00,2982772201739.0,29827.72201739
2019-08-16 22:00:00+00:00,3012060496324.0,30120.60496324
2019-08-16 22:30:00+00:00,1354062704046.0,13540.62704046
2019-08-16 23:00:00+00:00,3789382625509.0,37893.82625509
2019-08-16 23:30:00+00:00,2650937735039.0,26509.37735039
2019-08-17 00:00:00+00:00,5017891664644.0,50178.91664644
2019-08-17 00:30:00+00:00,1346180974764.0,13461.80974764
2019-08-17 01:00:00+00:00,4215227332132.0,42152.27332132
2019-08-17 01:30:00+00:00,2402231985200.0,24022.319852
2019-08-17 02:00:00+00:00,4003070921556.0,40030.70921556
2019-08-17 02:30:00+00:00,1419652750242.0,14196.52750242
2019-08-17 03:00:00+00:00,2320850518417.0,23208.50518417
2019-08-17 03:30:00+00:00,3414488460309.0,34144.88460309
2019-08-17 04:00:00+00:00,0.0,0.0
2019-08-17 04:30:00+00:00,4619875894068.0,46198.75894068
2019-08-17 05:00:00+00:00,4127421728321.0,41274.21728321
2019-08-17 05:30:00+00:00,0.0,0.0
2019-08-17 06:00:00+00:00,5935141106765.0,59351.41106765
2019-08-17 06:30:00+00:00,2395438730538.0,23954.38730538
2019-08-17 07:00:00+00:00,4580591308413.0,45805.91308413
2019-08-17 07:30:00+00:00,3341726712006.0,33417.26712006
2019-08-17 08:00:00+00:00,709097782827.0,7090.97782827
2019-08-17 08:30:00+00:00,5439238497575.0,54392.38497575
2019-08-17 09:00:00+00:00,1705405400296.0,17054.05400296
2019-08-17 09:30:00+00:00,2351372272713.0,23513.72272713
2019-08-17 10:00:00+00:00,7665023294591.0,76650.23294591
2019-08-17 10:30:00+00:00,5635600657433.0,56356.00657433
2019-08-17 11:00:00+00:00,5330894326030.0,53308.9432603
2019-08-17 11:30:00+00:00,257769254839.0,2577.69254839
2019-08-17 12:00:00+00:00,4864671762871.0,48646.71762871
2019-08-17 12:30:00+00:00,2766956571028.0,27669.56571028
2019-08-17 13:00:00+00:00,1117882390111.0,11178.82390111
2019-08-17 13:30:00+00:00,0.0,0.0
2019-08-17 14:00:00+00:00,0.0,0.0
2019-08-17 14:30:00+00:00,10862698793731.0,108626.98793731
2019-08-17 15:00:00+00:00,5257306408182.0,52573.06408182
2019-08-17 15:30:00+00:00,5053334700549.0,50533.34700549
2019-08-17 16:00:00+00:00,3866775599439.0,38667.75599439
2019-08-17 16:30:00+00:00,3264434396082.0,32644.34396082
2019-08-17 17:00:00+00:00,0.0,0.0
2019-08-17 17:30:00+00:00,13382651754318.0,133826.51754318
2019-08-17 18:00:00+00:00,2790503877640.0,27905.0387764
2019-08-17 18:30:00+00:00,3279438278136.0,32794.38278136
2019-08-17 19:00:00+00:00,541914746939.0,5419.14746939
2019-08-17 19:30:00+00:00,2353468660743.0,23534.68660743
2019-08-17 20:00:00+00:00,254119308491.0,2541.19308491
2019-08-17 20:30:00+00:00,5002660148492.0,50026.60148492
2019-08-17 21:00:00+00:00,169122998043.0,1691.22998043
2019-08-17 21:30:00+00:00,5996034099143.0,59960.34099143
2019-08-17 22:00:00+00:00,3102669135321.0,31026.69135321
2019-08-17 22:30:00+00:00,4545898563847.0,45458.98563847
2019-08-17 23:00:00+00:00,281839467932.0,2818.39467932
2019-08-17 23:30:00+00:00,3296204793024.0,32962.04793024
2019-08-18 00:00:00+00:00,2534645253355.0,25346.45253355
2019-08-18 00:30:00+00:00,1157289722182.0,11572.89722182
2019-08-18 01:00:00+00:00,2459866221116.0,24598.66221116
2019-08-18 01:30:00+00:00,1131778796225.0,11317.78796225
2019-08-18 02:00:00+00:00,1065835872181.0,10658.35872181
2019-08-18 02:30:00+00:00,707218036350.0,7072.180363500001
2019-08-18 03:00:00+00:00,312462190154.0,3124.62190154
2019-08-18 03:30:00+00:00,3222783097747.0,32227.83097747
2019-08-18 04:00:00+00:00,0.0,0.0
2019-08-18 04:30:00+00:00,1855600938633.0,18556.00938633
2019-08-18 05:00:00+00:00,585953617544.0,5859.53617544
2019-08-18 05:30:00+00:00,2636732413448.0,26367.32413448
2019-08-18 06:00:00+00:00,0.0,0.0
2019-08-18 06:30:00+00:00,5229227664108.0,52292.27664108
2019-08-18 07:00:00+00:00,663660860230.0,6636.6086023
2019-08-18 07:30:00+00:00,0.0,0.0
2019-08-18 08:00:00+00:00,4912359987760.0,49123.5998776
2019-08-18 08:30:00+00:00,4003594070211.0,40035.94070211
2019-08-18 09:00:00+00:00,2824592096635.0,28245.92096635
2019-08-18 09:30:00+00:00,2737511422817.0,27375.11422817
2019-08-18 10:00:00+00:00,2398185806171.0,23981.85806171
2019-08-18 10:30:00+00:00,1389255901793.0,13892.55901793
2019-08-18 11:00:00+00:00,6069126953260.0,60691.269532599996
2019-08-18 11:30:00+00:00,4502401954192.0,45024.01954192
2019-08-18 12:00:00+00:00,2168752140613.0,21687.52140613
2019-08-18 12:30:00+00:00,1285779619815.0,12857.79619815
2019-08-18 13:00:00+00:00,1355837202997.0,13558.37202997
2019-08-18 13:30:00+00:00,1344849193164.0,13448.49193164
2019-08-18 14:00:00+00:00,1915760089768.0,19157.60089768
2019-08-18 14:30:00+00:00,4291967384960.0,42919.673849599996
2019-08-18 15:00:00+00:00,430617402886.0,4306.17402886
2019-08-18 15:30:00+00:00,5407536670590.0,54075.3667059
2019-08-18 16:00:00+00:00,835627113744.0,8356.27113744
2019-08-18 16:30:00+00:00,0.0,0.0
2019-08-18 17:00:00+00:00,0.0,0.0
2019-08-18 17:30:00+00:00,6683272146335.0,66832.72146335
2019-08-18 18:00:00+00:00,3343755350411.0,33437.55350411
2019-08-18 18:30:00+00:00,5573207163048.0,55732.07163048
2019-08-18 19:00:00+00:00,260558257276.0,2605.58257276
2019-08-18 19:30:00+00:00,1569549529100.0,15695.495291
2019-08-18 20:00:00+00:00,1480380713288.0,14803.80713288
2019-08-18 20:30:00+00:00,1310009421549.0,13100.09421549
2019-08-18 21:00:00+00:00,1107967856412.0,11079.67856412
2019-08-18 21:30:00+00:00,1005645098591.0,10056.45098591
2019-08-18 22:00:00+00:00,815856512741.0,8158.56512741
2019-08-18 22:30:00+00:00,985558916226.0,9855.58916226
2019-08-18 23:00:00+00:00,732453260190.0,7324.5326018999995
2019-08-18 23:30:00+00:00,155798634165.0,1557.98634165
2019-08-19 00:00:00+00:00,1454021700244.0,14540.21700244
2019-08-19 00:30:00+00:00,876963377121.0,8769.63377121
2019-08-19 01:00:00+00:00,973936987031.0,9739.36987031
2019-08-19 01:30:00+00:00,1240695331046.0,12406.95331046
2019-08-19 02:00:00+00:00,1437733661427.0,14377.33661427
2019-08-19 02:30:00+00:00,961950852386.0,9619.50852386
2019-08-19 03:00:00+00:00,979039161651.0,9790.39161651
2019-08-19 03:30:00+00:00,2466613626386.0,24666.13626386
2019-08-19 04:00:00+00:00,1122888770561.0,11228.88770561
2019-08-19 04:30:00+00:00,704354994883.0,7043.54994883
2019-08-19 05:00:00+00:00,1133547634002.0,11335.47634002
2019-08-19 05:30:00+00:00,693097224261.0,6930.97224261
2019-08-19 06:00:00+00:00,1260980938317.0,12609.80938317
2019-08-19 06:30:00+00:00,3352980725674.0,33529.80725674
2019-08-19 07:00:00+00:00,2270942055479.0,22709.42055479
2019-08-19 07:30:00+00:00,1911880678955.0,19118.80678955
2019-08-19 08:00:00+00:00,4864070053056.0,48640.70053056
2019-08-19 08:30:00+00:00,1643289306018.0,16432.89306018
2019-08-19 09:00:00+00:00,1192608899829.0,11926.08899829
2019-08-19 09:30:00+00:00,4601074677917.0,46010.74677917
2019-08-19 10:00:00+00:00,0.0,0.0
2019-08-19 10:30:00+00:00,3707768249701.0,37077.68249701
2019-08-19 11:00:00+00:00,2267838238720.0,22678.3823872
2019-08-19 11:30:00+00:00,1183322990729.0,11833.22990729
2019-08-19 12:00:00+00:00,2635070828527.0,26350.70828527
2019-08-19 12:30:00+00:00,1911309292046.0,19113.09292046
2019-08-19 13:00:00+00:00,2469230218150.0,24692.3021815
2019-08-19 13:30:00+00:00,714950017187.0,7149.50017187
2019-08-19 14:00:00+00:00,962585833927.0,9625.85833927
2019-08-19 14:30:00+00:00,1597204045096.0,15972.04045096
2019-08-19 15:00:00+00:00,0.0,0.0
2019-08-19 15:30:00+00:00,4109195468275.0,41091.95468275
2019-08-19 16:00:00+00:00,1520407263167.0,15204.07263167
2019-08-19 16:30:00+00:00,6739032742533.0,67390.32742533
2019-08-19 17:00:00+00:00,1022779999333.0,10227.79999333
2019-08-19 17:30:00+00:00,3287669634121.0,32876.69634121
2019-08-19 18:00:00+00:00,1491557142649.0,14915.57142649
2019-08-19 18:30:00+00:00,2984268500577.0,29842.68500577
2019-08-19 19:00:00+00:00,1218216322740.0,12182.163227399999
2019-08-19 19:30:00+00:00,1299293015552.0,12992.93015552
2019-08-19 20:00:00+00:00,1621333355531.0,16213.33355531
2019-08-19 20:30:00+00:00,720509065487.0,7205.09065487
2019-08-19 21:00:00+00:00,1781982705068.0,17819.82705068
2019-08-19 21:30:00+00:00,1503203716791.0,15032.03716791
2019-08-19 22:00:00+00:00,1437388258860.0,14373.882588600001
2019-08-19 22:30:00+00:00,2113292557275.0,21132.92557275
2019-08-19 23:00:00+00:00,1158043301765.0,11580.43301765
2019-08-19 23:30:00+00:00,515612829474.0,5156.12829474
2019-08-20 00:00:00+00:00,1552792269385.0,15527.92269385
2019-08-20 00:30:00+00:00,1375856649861.0,13758.56649861
2019-08-20 01:00:00+00:00,1831276487935.0,18312.76487935
2019-08-20 01:30:00+00:00,1023188827216.0,10231.88827216
2019-08-20 02:00:00+00:00,1647399461918.0,16473.99461918
2019-08-20 02:30:00+00:00,1290380726269.0,12903.80726269
2019-08-20 03:00:00+00:00,1874177920159.0,18741.77920159
2019-08-20 03:30:00+00:00,1217927893736.0,12179.27893736
2019-08-20 04:00:00+00:00,792593308009.0,7925.93308009
2019-08-20 04:30:00+00:00,0.0,0.0
2019-08-20 05:00:00+00:00,2409989643485.0,24099.89643485
2019-08-20 05:30:00+00:00,1278417537794.0,12784.17537794
2019-08-20 06:00:00+00:00,784860015804.0,7848.60015804
2019-08-20 06:30:00+00:00,1435432425130.0,14354.324251299999
2019-08-20 07:00:00+00:00,571650600913.0,5716.50600913
2019-08-20 07:30:00+00:00,1017973446257.0,10179.73446257
2019-08-20 08:00:00+00:00,3026025199538.0,30260.25199538
2019-08-20 08:30:00+00:00,1649579336926.0,16495.79336926
2019-08-20 09:00:00+00:00,1487885717955.0,14878.85717955
2019-08-20 09:30:00+00:00,2174547098790.0,21745.4709879
2019-08-20 10:00:00+00:00,967634092999.0,9676.34092999
2019-08-20 10:30:00+00:00,1652076011085.0,16520.76011085
2019-08-20 11:00:00+00:00,872862355969.0,8728.62355969
2019-08-20 11:30:00+00:00,2442025743620.0,24420.2574362
2019-08-20 12:00:00+00:00,858355583783.0,8583.55583783
2019-08-20 12:30:00+00:00,1509778877366.0,15097.78877366
2019-08-20 13:00:00+00:00,2146720893133.0,21467.20893133
2019-08-20 13:30:00+00:00,1244979489742.0,12449.79489742
2019-08-20 14:00:00+00:00,4222303260136.0,42223.03260136
2019-08-20 14:30:00+00:00,841059062592.0,8410.59062592
2019-08-20 15:00:00+00:00,35655846603469.0,356558.46603469
2019-08-20 15:30:00+00:00,60298606179511.0,602986.06179511
2019-08-20 16:00:00+00:00,103801468561686.0,1038014.68561686
2019-08-20 16:30:00+00:00,62887275904852.0,628872.75904852
2019-08-20 17:00:00+00:00,42656640544246.0,426566.40544246
2019-08-20 17:30:00+00:00,21172271637631.0,211722.71637631
2019-08-20 18:00:00+00:00,21358531402683.0,213585.31402683
2019-08-20 18:30:00+00:00,0.0,0.0
2019-08-20 19:00:00+00:00,0.0,0.0
2019-08-20 19:30:00+00:00,84631053129116.0,846310.53129116
2019-08-20 20:00:00+00:00,105064780923874.0,1050647.80923874
2019-08-20 20:30:00+00:00,42816989508940.0,428169.8950894
2019-08-20 21:00:00+00:00,41846343760232.0,418463.43760232
2019-08-20 21:30:00+00:00,20971334568327.0,209713.34568327
2019-08-20 22:00:00+00:00,72155467260693.0,721554.67260693
2019-08-20 22:30:00+00:00,108792665579022.0,1087926.65579022
2019-08-20 23:00:00+00:00,30520542991780.0,305205.4299178
2019-08-20 23:30:00+00:00,74841711238858.0,748417.11238858
2019-08-21 00:00:00+00:00,81879484453905.0,818794.84453905
2019-08-21 00:30:00+00:00,42073447546748.0,420734.47546748
2019-08-21 01:00:00+00:00,62531730839118.0,625317.30839118
2019-08-21 01:30:00+00:00,62412605906623.0,624126.05906623
2019-08-21 02:00:00+00:00,43178308172195.0,431783.08172195
2019-08-21 02:30:00+00:00,101483556998987.0,1014835.56998987
2019-08-21 03:00:00+00:00,41430956936871.0,414309.56936871
2019-08-21 03:30:00+00:00,82232991863503.0,822329.91863503
2019-08-21 04:00:00+00:00,0.0,0.0
2019-08-21 04:30:00+00:00,23321669020548.0,233216.69020548
2019-08-21 05:00:00+00:00,42016566438758.0,420165.66438758
2019-08-21 05:30:00+00:00,86611765730470.0,866117.6573046999
2019-08-21 06:00:00+00:00,22411190182729.0,224111.90182729
2019-08-21 06:30:00+00:00,40192150987621.0,401921.50987621
2019-08-21 07:00:00+00:00,60778625402155.0,607786.25402155
2019-08-21 07:30:00+00:00,61133877776150.0,611338.7777615
2019-08-21 08:00:00+00:00,41185756311502.0,411857.56311502
2019-08-21 08:30:00+00:00,80710221675136.0,807102.21675136
2019-08-21 09:00:00+00:00,41370910522937.0,413709.10522937
2019-08-21 09:30:00+00:00,80089426830085.0,800894.26830085
2019-08-21 10:00:00+00:00,97588404927453.0,975884.04927453
2019-08-21 10:30:00+00:00,40270778473279.0,402707.78473279
2019-08-21 11:00:00+00:00,61737685994851.0,617376.85994851
2019-08-21 11:30:00+00:00,20751225246343.0,207512.25246343
2019-08-21 12:00:00+00:00,57320619473633.0,573206.19473633
2019-08-21 12:30:00+00:00,58886333887099.0,588863.33887099
2019-08-21 13:00:00+00:00,40673014914749.0,406730.14914749
2019-08-21 13:30:00+00:00,40100294028629.0,401002.94028629
2019-08-21 14:00:00+00:00,38616233434397.0,386162.33434397
2019-08-21 14:30:00+00:00,40322840076360.0,403228.40076359996
2019-08-21 15:00:00+00:00,53769493830832.0,537694.93830832
2019-08-21 15:30:00+00:00,78888762874168.0,788887.62874168
2019-08-21 16:00:00+00:00,58112181958434.0,581121.81958434
2019-08-21 16:30:00+00:00,91467733411601.0,914677.33411601
2019-08-21 17:00:00+00:00,75532773878274.0,755327.73878274
2019-08-21 17:30:00+00:00,17920270834549.0,179202.70834549
2019-08-21 18:00:00+00:00,75730167350935.0,757301.67350935
2019-08-21 18:30:00+00:00,92142387461658.0,921423.87461658
2019-08-21 19:00:00+00:00,0.0,0.0
2019-08-21 19:30:00+00:00,38805680679716.0,388056.80679716
2019-08-21 20:00:00+00:00,19404963557680.0,194049.63557679998
2019-08-21 20:30:00+00:00,0.0,0.0
2019-08-21 21:00:00+00:00,38207334622306.0,382073.34622306
2019-08-21 21:30:00+00:00,36167866536095.0,361678.66536095
2019-08-21 22:00:00+00:00,35385519364344.0,353855.19364344
2019-08-21 22:30:00+00:00,19255210235577.0,192552.10235577
2019-08-21 23:00:00+00:00,74089346042079.0,740893.46042079
2019-08-21 23:30:00+00:00,54504668415750.0,545046.6841574999
2019-08-22 00:00:00+00:00,27246248441625.0,272462.48441625
2019-08-22 00:30:00+00:00,54142949985109.0,541429.49985109
2019-08-22 01:00:00+00:00,52074639112920.0,520746.3911292
2019-08-22 01:30:00+00:00,34709633250395.0,347096.33250395
2019-08-22 02:00:00+00:00,69741005689925.0,697410.05689925
2019-08-22 02:30:00+00:00,53314831952781.0,533148.31952781
2019-08-22 03:00:00+00:00,69084502213016.0,690845.02213016
2019-08-22 03:30:00+00:00,68197428298758.0,681974.28298758
2019-08-22 04:00:00+00:00,30723500287268.0,307235.00287268
2019-08-22 04:30:00+00:00,16747550167333.0,167475.50167333
2019-08-22 05:00:00+00:00,0.0,0.0
2019-08-22 05:30:00+00:00,78067645463225.0,780676.45463225
2019-08-22 06:00:00+00:00,48426958780225.0,484269.58780225
2019-08-22 06:30:00+00:00,32745219931364.0,327452.19931364
2019-08-22 07:00:00+00:00,16451177098268.0,164511.77098268
2019-08-22 07:30:00+00:00,48400914811164.0,484009.14811164
2019-08-22 08:00:00+00:00,63600309138189.0,636003.09138189
2019-08-22 08:30:00+00:00,61790984138423.0,617909.84138423
2019-08-22 09:00:00+00:00,15653145094781.0,156531.45094781
2019-08-22 09:30:00+00:00,73112466143807.0,731124.66143807
2019-08-22 10:00:00+00:00,15442820698949.0,154428.20698949
2019-08-22 10:30:00+00:00,25201456167772.0,252014.56167772
2019-08-22 11:00:00+00:00,17905888437533.0,179058.88437533
2019-08-22 11:30:00+00:00,35104251326650.0,351042.51326649997
2019-08-22 12:00:00+00:00,8751902485360.0,87519.0248536
2019-08-22 12:30:00+00:00,24308408353308.0,243084.08353308
2019-08-22 13:00:00+00:00,22310085043021.0,223100.85043021
2019-08-22 13:30:00+00:00,0.0,0.0
2019-08-22 14:00:00+00:00,29658151765509.0,296581.51765509
2019-08-22 14:30:00+00:00,5278262739879.0,52782.62739879
2019-08-22 15:00:00+00:00,14130251000142.0,141302.51000142
2019-08-22 15:30:00+00:00,9152263044645.0,91522.63044645
2019-08-22 16:00:00+00:00,20472197789184.0,204721.97789184
2019-08-22 16:30:00+00:00,7458630558889.0,74586.30558889
2019-08-22 17:00:00+00:00,7354260321879.0,73542.60321879
2019-08-22 17:30:00+00:00,1823358897328.0,18233.58897328
2019-08-22 18:00:00+00:00,1254589800302.0,12545.89800302
2019-08-22 18:30:00+00:00,521015060644.0,5210.15060644
2019-08-22 19:00:00+00:00,2377759519196.0,23777.59519196
2019-08-22 19:30:00+00:00,1433072929259.0,14330.72929259
2019-08-22 20:00:00+00:00,717307107834.0,7173.07107834
2019-08-22 20:30:00+00:00,1304153260968.0,13041.53260968
2019-08-22 21:00:00+00:00,1098927840695.0,10989.27840695
2019-08-22 21:30:00+00:00,1167733434766.0,11677.33434766
2019-08-22 22:00:00+00:00,400777762591.0,4007.77762591
2019-08-22 22:30:00+00:00,1397328885297.0,13973.28885297
2019-08-22 23:00:00+00:00,873068916266.0,8730.68916266
2019-08-22 23:30:00+00:00,716346480520.0,7163.4648052
2019-08-23 00:00:00+00:00,868431232998.0,8684.31232998
2019-08-23 00:30:00+00:00,753350512616.0,7533.50512616
2019-08-23 01:00:00+00:00,991385132544.0,9913.85132544
2019-08-23 01:30:00+00:00,651255811116.0,6512.55811116
2019-08-23 02:00:00+00:00,1220539418250.0,12205.3941825
2019-08-23 02:30:00+00:00,1729456851208.0,17294.56851208
2019-08-23 03:00:00+00:00,1172915374089.0,11729.15374089
2019-08-23 03:30:00+00:00,2092886609447.0,20928.86609447
2019-08-23 04:00:00+00:00,750389091885.0,7503.89091885
2019-08-23 04:30:00+00:00,1317022393003.0,13170.22393003
2019-08-23 05:00:00+00:00,1006715277943.0,10067.15277943
2019-08-23 05:30:00+00:00,1110227294471.0,11102.27294471
2019-08-23 06:00:00+00:00,873392126615.0,8733.92126615
2019-08-23 06:30:00+00:00,1288484111598.0,12884.84111598
2019-08-23 07:00:00+00:00,778080572132.0,7780.80572132
2019-08-23 07:30:00+00:00,1268019649006.0,12680.19649006
2019-08-23 08:00:00+00:00,749548719341.0,7495.48719341
2019-08-23 08:30:00+00:00,1540483153754.0,15404.83153754
2019-08-23 09:00:00+00:00,970939365192.0,9709.39365192
2019-08-23 09:30:00+00:00,583194726977.0,5831.94726977
2019-08-23 10:00:00+00:00,1092761104269.0,10927.61104269
2019-08-23 10:30:00+00:00,1690120842207.0,16901.20842207
2019-08-23 11:00:00+00:00,650713181756.0,6507.13181756
2019-08-23 11:30:00+00:00,5192537677078.0,51925.37677078
2019-08-23 12:00:00+00:00,5300486244122.0,53004.86244122
2019-08-23 12:30:00+00:00,473289161351.0,4732.89161351
2019-08-23 13:00:00+00:00,2288800885630.0,22888.0088563
2019-08-23 13:30:00+00:00,586823353809.0,5868.23353809
2019-08-23 14:00:00+00:00,1753130196246.0,17531.30196246
2019-08-23 14:30:00+00:00,2676090101555.0,26760.90101555
2019-08-23 15:00:00+00:00,1298365518654.0,12983.65518654
2019-08-23 15:30:00+00:00,2120953640478.0,21209.53640478
2019-08-23 16:00:00+00:00,1533069444154.0,15330.69444154
2019-08-23 16:30:00+00:00,1260993080534.0,12609.93080534
2019-08-23 17:00:00+00:00,806504047763.0,8065.04047763
2019-08-23 17:30:00+00:00,2357521383495.0,23575.21383495
2019-08-23 18:00:00+00:00,1445012414002.0,14450.12414002
2019-08-23 18:30:00+00:00,1488597385266.0,14885.97385266
2019-08-23 19:00:00+00:00,1249675424947.0,12496.75424947
2019-08-23 19:30:00+00:00,1160659669523.0,11606.59669523
2019-08-23 20:00:00+00:00,1456219600410.0,14562.1960041
2019-08-23 20:30:00+00:00,857952562723.0,8579.52562723
2019-08-23 21:00:00+00:00,1749119288659.0,17491.19288659
2019-08-23 21:30:00+00:00,1116155218470.0,11161.5521847
2019-08-23 22:00:00+00:00,1224547395136.0,12245.47395136
2019-08-23 22:30:00+00:00,1221250156367.0,12212.50156367
2019-08-23 23:00:00+00:00,902528325432.0,9025.28325432
2019-08-23 23:30:00+00:00,1193461694118.0,11934.61694118
2019-08-24 00:00:00+00:00,876618950570.0,8766.189505700002
2019-08-24 00:30:00+00:00,560175523297.0,5601.75523297
2019-08-24 01:00:00+00:00,930026191627.0,9300.26191627
2019-08-24 01:30:00+00:00,1322237121913.0,13222.37121913
2019-08-24 02:00:00+00:00,1181169146547.0,11811.69146547
2019-08-24 02:30:00+00:00,584422686258.0,5844.22686258
2019-08-24 03:00:00+00:00,399082544808.0,3990.82544808
2019-08-24 03:30:00+00:00,2317665033742.0,23176.65033742
2019-08-24 04:00:00+00:00,1285311961768.0,12853.11961768
2019-08-24 04:30:00+00:00,890647628857.0,8906.47628857
2019-08-24 05:00:00+00:00,786187012061.0,7861.87012061
2019-08-24 05:30:00+00:00,623871771905.0,6238.71771905
2019-08-24 06:00:00+00:00,779964471828.0,7799.64471828
2019-08-24 06:30:00+00:00,701070816698.0,7010.70816698
2019-08-24 07:00:00+00:00,0.0,0.0
2019-08-24 07:30:00+00:00,995384830279.0,9953.84830279
2019-08-24 08:00:00+00:00,1027465437920.0,10274.654379200001
2019-08-24 08:30:00+00:00,1299766315227.0,12997.66315227
2019-08-24 09:00:00+00:00,847629013865.0,8476.29013865
2019-08-24 09:30:00+00:00,1135568159655.0,11355.68159655
2019-08-24 10:00:00+00:00,312818901093.0,3128.18901093
2019-08-24 10:30:00+00:00,1290043070741.0,12900.43070741
2019-08-24 11:00:00+00:00,0.0,0.0
2019-08-24 11:30:00+00:00,1481331080882.0,14813.31080882
2019-08-24 12:00:00+00:00,1493682841346.0,14936.82841346
2019-08-24 12:30:00+00:00,985867588849.0,9858.67588849
2019-08-24 13:00:00+00:00,342525571069.0,3425.25571069
2019-08-24 13:30:00+00:00,455795961254.0,4557.95961254
2019-08-24 14:00:00+00:00,2996305115826.0,29963.05115826
2019-08-24 14:30:00+00:00,1172984227899.0,11729.84227899
2019-08-24 15:00:00+00:00,952708048460.0,9527.0804846
2019-08-24 15:30:00+00:00,687638602971.0,6876.38602971
2019-08-24 16:00:00+00:00,2196637491723.0,21966.37491723
2019-08-24 16:30:00+00:00,1171314034910.0,11713.1403491
2019-08-24 17:00:00+00:00,1221291503693.0,12212.91503693
2019-08-24 17:30:00+00:00,1371470227205.0,13714.70227205
2019-08-24 18:00:00+00:00,662442382662.0,6624.42382662
2019-08-24 18:30:00+00:00,528082461854.0,5280.82461854
2019-08-24 19:00:00+00:00,627871331771.0,6278.71331771
2019-08-24 19:30:00+00:00,391767715956.0,3917.67715956
2019-08-24 20:00:00+00:00,743953548614.0,7439.53548614
2019-08-24 20:30:00+00:00,667046066035.0,6670.46066035
2019-08-24 21:00:00+00:00,0.0,0.0
2019-08-24 21:30:00+00:00,1531038383293.0,15310.38383293
2019-08-24 22:00:00+00:00,243769410382.0,2437.69410382
2019-08-24 22:30:00+00:00,1419865851097.0,14198.65851097
2019-08-24 23:00:00+00:00,1185866802985.0,11858.66802985
2019-08-24 23:30:00+00:00,501882264236.0,5018.82264236
2019-08-25 00:00:00+00:00,441098896293.0,4410.98896293
2019-08-25 00:30:00+00:00,928123839716.0,9281.23839716
2019-08-25 01:00:00+00:00,677044690083.0,6770.44690083
2019-08-25 01:30:00+00:00,381005072939.0,3810.05072939
2019-08-25 02:00:00+00:00,1109804630211.0,11098.04630211
2019-08-25 02:30:00+00:00,1568860035928.0,15688.60035928
2019-08-25 03:00:00+00:00,980843681351.0,9808.43681351
2019-08-25 03:30:00+00:00,548223586906.0,5482.23586906
2019-08-25 04:00:00+00:00,622800471769.0,6228.00471769
2019-08-25 04:30:00+00:00,610881640028.0,6108.81640028
2019-08-25 05:00:00+00:00,603453013413.0,6034.53013413
2019-08-25 05:30:00+00:00,435420013221.0,4354.20013221
2019-08-25 06:00:00+00:00,1112117665388.0,11121.17665388
2019-08-25 06:30:00+00:00,516770038035.0,5167.70038035
2019-08-25 07:00:00+00:00,620277564946.0,6202.77564946
2019-08-25 07:30:00+00:00,633058090827.0,6330.58090827
2019-08-25 08:00:00+00:00,0.0,0.0
2019-08-25 08:30:00+00:00,1376891351136.0,13768.91351136
2019-08-25 09:00:00+00:00,849056780417.0,8490.56780417
2019-08-25 09:30:00+00:00,1089775850633.0,10897.75850633
2019-08-25 10:00:00+00:00,458344999256.0,4583.44999256
2019-08-25 10:30:00+00:00,1142221412791.0,11422.21412791
2019-08-25 11:00:00+00:00,390756523200.0,3907.565232
2019-08-25 11:30:00+00:00,1114974300384.0,11149.74300384
2019-08-25 12:00:00+00:00,691703536882.0,6917.03536882
2019-08-25 12:30:00+00:00,859981610065.0,8599.81610065
2019-08-25 13:00:00+00:00,861210847832.0,8612.10847832
2019-08-25 13:30:00+00:00,1041671749968.0,10416.71749968
2019-08-25 14:00:00+00:00,1025761590877.0,10257.61590877
2019-08-25 14:30:00+00:00,1429587078918.0,14295.87078918
2019-08-25 15:00:00+00:00,771377919508.0,7713.77919508
2019-08-25 15:30:00+00:00,2575649278702.0,25756.49278702
2019-08-25 16:00:00+00:00,2593642193217.0,25936.42193217
2019-08-25 16:30:00+00:00,1518308117534.0,15183.08117534
2019-08-25 17:00:00+00:00,1886560051670.0,18865.6005167
2019-08-25 17:30:00+00:00,526081510551.0,5260.81510551
2019-08-25 18:00:00+00:00,1777938209626.0,17779.38209626
2019-08-25 18:30:00+00:00,2413016571338.0,24130.16571338
2019-08-25 19:00:00+00:00,2398954323005.0,23989.54323005
2019-08-25 19:30:00+00:00,2000052796910.0,20000.5279691
2019-08-25 20:00:00+00:00,3173147294201.0,31731.47294201
2019-08-25 20:30:00+00:00,1620525850665.0,16205.25850665
2019-08-25 21:00:00+00:00,2629263016445.0,26292.63016445
2019-08-25 21:30:00+00:00,2271234847347.0,22712.34847347
2019-08-25 22:00:00+00:00,1229864500588.0,12298.64500588
2019-08-25 22:30:00+00:00,1358453305407.0,13584.53305407
2019-08-25 23:00:00+00:00,2106192119030.0,21061.9211903
2019-08-25 23:30:00+00:00,1793311599749.0,17933.11599749
2019-08-26 00:00:00+00:00,1639977040074.0,16399.77040074
2019-08-26 00:30:00+00:00,598519711555.0,5985.19711555
2019-08-26 01:00:00+00:00,3037751248984.0,30377.51248984
2019-08-26 01:30:00+00:00,4370814741256.0,43708.14741256
2019-08-26 02:00:00+00:00,3146844514926.0,31468.44514926
2019-08-26 02:30:00+00:00,0.0,0.0
2019-08-26 03:00:00+00:00,2000651152662.0,20006.51152662
2019-08-26 03:30:00+00:00,2721440377531.0,27214.40377531
2019-08-26 04:00:00+00:00,2946548151418.0,29465.48151418
2019-08-26 04:30:00+00:00,0.0,0.0
2019-08-26 05:00:00+00:00,2845934513183.0,28459.34513183
2019-08-26 05:30:00+00:00,2106666375027.0,21066.66375027
2019-08-26 06:00:00+00:00,2611122797573.0,26111.22797573
2019-08-26 06:30:00+00:00,2576272600710.0,25762.7260071
2019-08-26 07:00:00+00:00,2876392684176.0,28763.92684176
2019-08-26 07:30:00+00:00,1221624910754.0,12216.24910754
2019-08-26 08:00:00+00:00,1175390161254.0,11753.90161254
2019-08-26 08:30:00+00:00,1643688515038.0,16436.88515038
2019-08-26 09:00:00+00:00,2355095671294.0,23550.95671294
2019-08-26 09:30:00+00:00,443538064239.0,4435.38064239
2019-08-26 10:00:00+00:00,1862408954688.0,18624.08954688
2019-08-26 10:30:00+00:00,871851764097.0,8718.51764097
2019-08-26 11:00:00+00:00,1699963263950.0,16999.6326395
2019-08-26 11:30:00+00:00,523532544229.0,5235.32544229
2019-08-26 12:00:00+00:00,2313970515324.0,23139.70515324
2019-08-26 12:30:00+00:00,1217713273088.0,12177.13273088
2019-08-26 13:00:00+00:00,906151601694.0,9061.51601694
2019-08-26 13:30:00+00:00,0.0,0.0
2019-08-26 14:00:00+00:00,7815182252877.0,78151.82252877
2019-08-26 14:30:00+00:00,2033991655717.0,20339.91655717
2019-08-26 15:00:00+00:00,4360008352948.0,43600.08352948
2019-08-26 15:30:00+00:00,8922774311287.0,89227.74311287
2019-08-26 16:00:00+00:00,4608130219467.0,46081.30219467
2019-08-26 16:30:00+00:00,3403925245458.0,34039.25245458
2019-08-26 17:00:00+00:00,5134452979866.0,51344.52979866
2019-08-26 17:30:00+00:00,2306661062725.0,23066.61062725
2019-08-26 18:00:00+00:00,2169075058645.0,21690.75058645
2019-08-26 18:30:00+00:00,804362485443.0,8043.62485443
2019-08-26 19:00:00+00:00,1444966141993.0,14449.66141993
2019-08-26 19:30:00+00:00,1199436048687.0,11994.36048687
2019-08-26 20:00:00+00:00,1476222599475.0,14762.22599475
2019-08-26 20:30:00+00:00,1703074366021.0,17030.74366021
2019-08-26 21:00:00+00:00,951827323503.0,9518.27323503
2019-08-26 21:30:00+00:00,1397283024325.0,13972.83024325
2019-08-26 22:00:00+00:00,716472289904.0,7164.72289904
2019-08-26 22:30:00+00:00,1577075873710.0,15770.758737099999
2019-08-26 23:00:00+00:00,630322437386.0,6303.22437386
2019-08-26 23:30:00+00:00,1286192007099.0,12861.92007099
2019-08-27 00:00:00+00:00,834105111480.0,8341.0511148
2019-08-27 00:30:00+00:00,1028867153204.0,10288.67153204
2019-08-27 01:00:00+00:00,423707314759.0,4237.07314759
2019-08-27 01:30:00+00:00,3688756111796.0,36887.56111796
2019-08-27 02:00:00+00:00,2888831034985.0,28888.31034985
2019-08-27 02:30:00+00:00,1788275414813.0,17882.75414813
2019-08-27 03:00:00+00:00,3900350552459.0,39003.50552459
2019-08-27 03:30:00+00:00,2554860766265.0,25548.60766265
2019-08-27 04:00:00+00:00,1653034492348.0,16530.34492348
2019-08-27 04:30:00+00:00,989598195654.0,9895.98195654
2019-08-27 05:00:00+00:00,557693793757.0,5576.93793757
2019-08-27 05:30:00+00:00,1070609250055.0,10706.09250055
2019-08-27 06:00:00+00:00,1849520762935.0,18495.20762935
2019-08-27 06:30:00+00:00,506742369135.0,5067.42369135
2019-08-27 07:00:00+00:00,593181979287.0,5931.81979287
2019-08-27 07:30:00+00:00,1733470566902.0,17334.70566902
2019-08-27 08:00:00+00:00,1796473102179.0,17964.73102179
2019-08-27 08:30:00+00:00,1111268221241.0,11112.68221241
2019-08-27 09:00:00+00:00,3025533319569.0,30255.33319569
2019-08-27 09:30:00+00:00,2984060768861.0,29840.60768861
2019-08-27 10:00:00+00:00,0.0,0.0
2019-08-27 10:30:00+00:00,1818209521580.0,18182.0952158
2019-08-27 11:00:00+00:00,4343397136923.0,43433.97136923
2019-08-27 11:30:00+00:00,1784383149032.0,17843.83149032
2019-08-27 12:00:00+00:00,3075069595597.0,30750.69595597
2019-08-27 12:30:00+00:00,1685281369364.0,16852.81369364
2019-08-27 13:00:00+00:00,2832908631792.0,28329.08631792
2019-08-27 13:30:00+00:00,2634487914814.0,26344.87914814
2019-08-27 14:00:00+00:00,2099928636586.0,20999.28636586
2019-08-27 14:30:00+00:00,469069205996.0,4690.69205996
2019-08-27 15:00:00+00:00,2025578717531.0,20255.78717531
2019-08-27 15:30:00+00:00,879913002557.0,8799.13002557
2019-08-27 16:00:00+00:00,2233142452148.0,22331.42452148
2019-08-27 16:30:00+00:00,3736850052438.0,37368.50052438
2019-08-27 17:00:00+00:00,1494037354947.0,14940.37354947
2019-08-27 17:30:00+00:00,2229320038029.0,22293.20038029
2019-08-27 18:00:00+00:00,2293905301275.0,22939.05301275
2019-08-27 18:30:00+00:00,2216419839238.0,22164.19839238
2019-08-27 19:00:00+00:00,2263550229583.0,22635.50229583
2019-08-27 19:30:00+00:00,1158948685347.0,11589.48685347
2019-08-27 20:00:00+00:00,867652175644.0,8676.52175644
2019-08-27 20:30:00+00:00,2412957637487.0,24129.57637487
2019-08-27 21:00:00+00:00,789405260690.0,7894.052606899999
2019-08-27 21:30:00+00:00,1712758198556.0,17127.58198556
2019-08-27 22:00:00+00:00,1844789262509.0,18447.89262509
2019-08-27 22:30:00+00:00,3190879780094.0,31908.79780094
2019-08-27 23:00:00+00:00,1441918006965.0,14419.18006965
2019-08-27 23:30:00+00:00,1203419438964.0,12034.19438964
2019-08-28 00:00:00+00:00,792075678296.0,7920.75678296
2019-08-28 00:30:00+00:00,1719330827328.0,17193.30827328
2019-08-28 01:00:00+00:00,1789254841906.0,17892.54841906
2019-08-28 01:30:00+00:00,982313132711.0,9823.13132711
2019-08-28 02:00:00+00:00,919512371226.0,9195.12371226
2019-08-28 02:30:00+00:00,1315466138779.0,13154.66138779
2019-08-28 03:00:00+00:00,2061953271619.0,20619.53271619
2019-08-28 03:30:00+00:00,1414708255946.0,14147.08255946
2019-08-28 04:00:00+00:00,1264238498496.0,12642.38498496
2019-08-28 04:30:00+00:00,1185195642413.0,11851.95642413
2019-08-28 05:00:00+00:00,1641587026969.0,16415.87026969
2019-08-28 05:30:00+00:00,754505871849.0,7545.05871849
2019-08-28 06:00:00+00:00,1495768724870.0,14957.687248700002
2019-08-28 06:30:00+00:00,686870521198.0,6868.70521198
2019-08-28 07:00:00+00:00,2023907076831.0,20239.07076831
2019-08-28 07:30:00+00:00,482062433784.0,4820.62433784
2019-08-28 08:00:00+00:00,2399278879379.0,23992.78879379
2019-08-28 08:30:00+00:00,1911699954589.0,19116.99954589
2019-08-28 09:00:00+00:00,1340549801318.0,13405.49801318
2019-08-28 09:30:00+00:00,1267573767299.0,12675.73767299
2019-08-28 10:00:00+00:00,0.0,0.0
2019-08-28 10:30:00+00:00,2068659710386.0,20686.59710386
2019-08-28 11:00:00+00:00,1527842860321.0,15278.42860321
2019-08-28 11:30:00+00:00,0.0,0.0
2019-08-28 12:00:00+00:00,1874472759191.0,18744.72759191
2019-08-28 12:30:00+00:00,1621636593856.0,16216.36593856
2019-08-28 13:00:00+00:00,1156273321761.0,11562.73321761
2019-08-28 13:30:00+00:00,2403276356023.0,24032.76356023
2019-08-28 14:00:00+00:00,889706655001.0,8897.06655001
2019-08-28 14:30:00+00:00,1811207743141.0,18112.07743141
2019-08-28 15:00:00+00:00,1366043755306.0,13660.43755306
2019-08-28 15:30:00+00:00,299091805684.0,2990.91805684
2019-08-28 16:00:00+00:00,2009576562816.0,20095.76562816
2019-08-28 16:30:00+00:00,569234262705.0,5692.34262705
2019-08-28 17:00:00+00:00,2794506438920.0,27945.0643892
2019-08-28 17:30:00+00:00,935650990310.0,9356.5099031
2019-08-28 18:00:00+00:00,1126812821009.0,11268.12821009
2019-08-28 18:30:00+00:00,1508776732977.0,15087.76732977
2019-08-28 19:00:00+00:00,24488079786841.0,244880.79786841
2019-08-28 19:30:00+00:00,1166311024351.0,11663.11024351
2019-08-28 20:00:00+00:00,2705987379889.0,27059.87379889
2019-08-28 20:30:00+00:00,1222918549025.0,12229.18549025
2019-08-28 21:00:00+00:00,1560908637060.0,15609.0863706
2019-08-28 21:30:00+00:00,794818704252.0,7948.18704252
2019-08-28 22:00:00+00:00,1724769993001.0,17247.69993001
2019-08-28 22:30:00+00:00,1540164784470.0,15401.647844699999
2019-08-28 23:00:00+00:00,996375659205.0,9963.75659205
2019-08-28 23:30:00+00:00,1179993403022.0,11799.93403022
2019-08-29 00:00:00+00:00,2770689661040.0,27706.896610400003
2019-08-29 00:30:00+00:00,908704003202.0,9087.04003202
2019-08-29 01:00:00+00:00,1361214266873.0,13612.14266873
2019-08-29 01:30:00+00:00,297813699245.0,2978.13699245
2019-08-29 02:00:00+00:00,2382426920117.0,23824.26920117
2019-08-29 02:30:00+00:00,1387536598073.0,13875.36598073
2019-08-29 03:00:00+00:00,1220286279988.0,12202.86279988
2019-08-29 03:30:00+00:00,2962737938313.0,29627.37938313
2019-08-29 04:00:00+00:00,1262795548023.0,12627.95548023
2019-08-29 04:30:00+00:00,888018154022.0,8880.18154022
2019-08-29 05:00:00+00:00,767586002859.0,7675.86002859
2019-08-29 05:30:00+00:00,908588797056.0,9085.88797056
2019-08-29 06:00:00+00:00,0.0,0.0
2019-08-29 06:30:00+00:00,2808206813540.0,28082.068135400004
2019-08-29 07:00:00+00:00,975296509613.0,9752.96509613
2019-08-29 07:30:00+00:00,1487491194902.0,14874.91194902
2019-08-29 08:00:00+00:00,979910435163.0,9799.10435163
2019-08-29 08:30:00+00:00,2474196601239.0,24741.96601239
2019-08-29 09:00:00+00:00,10740938594899.0,107409.38594899
2019-08-29 09:30:00+00:00,3062670181895.0,30626.70181895
2019-08-29 10:00:00+00:00,986817512102.0,9868.17512102
2019-08-29 10:30:00+00:00,2671282283391.0,26712.82283391
2019-08-29 11:00:00+00:00,0.0,0.0
2019-08-29 11:30:00+00:00,3366827492031.0,33668.27492031
2019-08-29 12:00:00+00:00,1165393051152.0,11653.93051152
2019-08-29 12:30:00+00:00,1643113107323.0,16431.13107323
2019-08-29 13:00:00+00:00,1719871461428.0,17198.71461428
2019-08-29 13:30:00+00:00,4120800080934.0,41208.00080934
2019-08-29 14:00:00+00:00,0.0,0.0
2019-08-29 14:30:00+00:00,3046154664835.0,30461.54664835
2019-08-29 15:00:00+00:00,2693715459113.0,26937.15459113
2019-08-29 15:30:00+00:00,852368143460.0,8523.6814346
2019-08-29 16:00:00+00:00,1280413512684.0,12804.13512684
2019-08-29 16:30:00+00:00,2701600811032.0,27016.00811032
2019-08-29 17:00:00+00:00,573880767855.0,5738.80767855
2019-08-29 17:30:00+00:00,2043793955482.0,20437.93955482
2019-08-29 18:00:00+00:00,2183514149756.0,21835.14149756
2019-08-29 18:30:00+00:00,0.0,0.0
2019-08-29 19:00:00+00:00,2288509562838.0,22885.09562838
2019-08-29 19:30:00+00:00,3886083905804.0,38860.83905804
2019-08-29 20:00:00+00:00,2032842771754.0,20328.42771754
2019-08-29 20:30:00+00:00,1316162785165.0,13161.62785165
2019-08-29 21:00:00+00:00,2088061015779.0,20880.61015779
2019-08-29 21:30:00+00:00,1698438457944.0,16984.38457944
2019-08-29 22:00:00+00:00,1332350159912.0,13323.50159912
2019-08-29 22:30:00+00:00,1175329848246.0,11753.29848246
2019-08-29 23:00:00+00:00,1277606000046.0,12776.06000046
2019-08-29 23:30:00+00:00,1152878404191.0,11528.78404191
2019-08-30 00:00:00+00:00,512892211369.0,5128.92211369
2019-08-30 00:30:00+00:00,952783412848.0,9527.83412848
2019-08-30 01:00:00+00:00,859424369800.0,8594.243698
2019-08-30 01:30:00+00:00,330776754527.0,3307.76754527
2019-08-30 02:00:00+00:00,2742458777432.0,27424.58777432
2019-08-30 02:30:00+00:00,3033021464043.0,30330.21464043
2019-08-30 03:00:00+00:00,1188456868369.0,11884.56868369
2019-08-30 03:30:00+00:00,2991645073527.0,29916.45073527
2019-08-30 04:00:00+00:00,1728657653692.0,17286.57653692
2019-08-30 04:30:00+00:00,2622050989081.0,26220.50989081
2019-08-30 05:00:00+00:00,2141837286800.0,21418.372868000002
2019-08-30 05:30:00+00:00,2357797169790.0,23577.9716979
2019-08-30 06:00:00+00:00,1301528230474.0,13015.28230474
2019-08-30 06:30:00+00:00,2125552559851.0,21255.52559851
2019-08-30 07:00:00+00:00,2464528316377.0,24645.28316377
2019-08-30 07:30:00+00:00,1384432079490.0,13844.3207949
2019-08-30 08:00:00+00:00,0.0,0.0
2019-08-30 08:30:00+00:00,1019962811355.0,10199.62811355
2019-08-30 09:00:00+00:00,1727710693910.0,17277.1069391
2019-08-30 09:30:00+00:00,3154081418595.0,31540.81418595
2019-08-30 10:00:00+00:00,1989838422619.0,19898.38422619
2019-08-30 10:30:00+00:00,1625071422896.0,16250.71422896
2019-08-30 11:00:00+00:00,2391786180680.0,23917.8618068
2019-08-30 11:30:00+00:00,2048359856812.0,20483.59856812
2019-08-30 12:00:00+00:00,956982545352.0,9569.82545352
2019-08-30 12:30:00+00:00,0.0,0.0
2019-08-30 13:00:00+00:00,1082124029689.0,10821.24029689
2019-08-30 13:30:00+00:00,1212938480241.0,12129.38480241
2019-08-30 14:00:00+00:00,4536822769335.0,45368.22769335
2019-08-30 14:30:00+00:00,3301942912437.0,33019.42912437
2019-08-30 15:00:00+00:00,3510553262020.0,35105.5326202
2019-08-30 15:30:00+00:00,2473049543968.0,24730.49543968
2019-08-30 16:00:00+00:00,2158706588798.0,21587.06588798
2019-08-30 16:30:00+00:00,1648054475415.0,16480.54475415
2019-08-30 17:00:00+00:00,2135245546763.0,21352.45546763
2019-08-30 17:30:00+00:00,1230379501538.0,12303.79501538
2019-08-30 18:00:00+00:00,129769320869.0,1297.69320869
2019-08-30 18:30:00+00:00,2401045009489.0,24010.45009489
2019-08-30 19:00:00+00:00,1383017770615.0,13830.17770615
2019-08-30 19:30:00+00:00,668179977430.0,6681.7997743
2019-08-30 20:00:00+00:00,965141633981.0,9651.41633981
2019-08-30 20:30:00+00:00,1452594606237.0,14525.94606237
2019-08-30 21:00:00+00:00,2514340016066.0,25143.40016066
2019-08-30 21:30:00+00:00,1641359855489.0,16413.59855489
2019-08-30 22:00:00+00:00,1080188951040.0,10801.8895104
2019-08-30 22:30:00+00:00,1826473293347.0,18264.73293347
2019-08-30 23:00:00+00:00,405114840354.0,4051.14840354
2019-08-30 23:30:00+00:00,2326861641991.0,23268.61641991
2019-08-31 00:00:00+00:00,535773473309.0,5357.73473309
2019-08-31 00:30:00+00:00,1137075702309.0,11370.75702309
2019-08-31 01:00:00+00:00,1034306431444.0,10343.06431444
2019-08-31 01:30:00+00:00,2266832789405.0,22668.32789405
2019-08-31 02:00:00+00:00,1055734997604.0,10557.34997604
2019-08-31 02:30:00+00:00,787050073952.0,7870.50073952
2019-08-31 03:00:00+00:00,1201351509963.0,12013.51509963
2019-08-31 03:30:00+00:00,962929155667.0,9629.29155667
2019-08-31 04:00:00+00:00,1272481503440.0,12724.8150344
2019-08-31 04:30:00+00:00,573949583966.0,5739.49583966
2019-08-31 05:00:00+00:00,1506658457862.0,15066.58457862
2019-08-31 05:30:00+00:00,958804997706.0,9588.04997706
2019-08-31 06:00:00+00:00,1728062162270.0,17280.6216227
2019-08-31 06:30:00+00:00,1676383134410.0,16763.831344100003
2019-08-31 07:00:00+00:00,1441332639491.0,14413.32639491
2019-08-31 07:30:00+00:00,2564908767289.0,25649.08767289
2019-08-31 08:00:00+00:00,2323454077386.0,23234.54077386
2019-08-31 08:30:00+00:00,1193907050611.0,11939.07050611
2019-08-31 09:00:00+00:00,954362406428.0,9543.62406428
2019-08-31 09:30:00+00:00,1432419670773.0,14324.19670773
2019-08-31 10:00:00+00:00,1152561020828.0,11525.61020828
2019-08-31 10:30:00+00:00,902972126943.0,9029.72126943
2019-08-31 11:00:00+00:00,1922485811677.0,19224.85811677
2019-08-31 11:30:00+00:00,1996637236263.0,19966.37236263
2019-08-31 12:00:00+00:00,1095086091383.0,10950.86091383
2019-08-31 12:30:00+00:00,2842703482694.0,28427.03482694
2019-08-31 13:00:00+00:00,2109378974266.0,21093.78974266
2019-08-31 13:30:00+00:00,2848315001950.0,28483.1500195
2019-08-31 14:00:00+00:00,1605983472043.0,16059.83472043
2019-08-31 14:30:00+00:00,1766499693668.0,17664.99693668
2019-08-31 15:00:00+00:00,1787514565298.0,17875.14565298
2019-08-31 15:30:00+00:00,3712765994428.0,37127.65994428
2019-08-31 16:00:00+00:00,1915710380118.0,19157.10380118
2019-08-31 16:30:00+00:00,823229741664.0,8232.29741664
2019-08-31 17:00:00+00:00,441871400869.0,4418.71400869
2019-08-31 17:30:00+00:00,1319204799685.0,13192.04799685
2019-08-31 18:00:00+00:00,1155846251177.0,11558.46251177
2019-08-31 18:30:00+00:00,765570227799.0,7655.70227799
2019-08-31 19:00:00+00:00,782984141850.0,7829.8414185
2019-08-31 19:30:00+00:00,1192680971815.0,11926.80971815
2019-08-31 20:00:00+00:00,3049452726252.0,30494.52726252
2019-08-31 20:30:00+00:00,2211807070647.0,22118.07070647
2019-08-31 21:00:00+00:00,1890370058709.0,18903.70058709
2019-08-31 21:30:00+00:00,2059031893468.0,20590.31893468
2019-08-31 22:00:00+00:00,2182774293339.0,21827.74293339
2019-08-31 22:30:00+00:00,2468789009550.0,24687.890095500003
2019-08-31 23:00:00+00:00,1580717508853.0,15807.17508853
2019-08-31 23:30:00+00:00,3765847597875.0,37658.47597875
